date,cbp_intake,cbp_custody,cbp_transfers_out,hhs_care,hhs_discharged,is_reported,total_system_load,net_daily_intake,care_load_growth_rate_pct,net_intake_positive,backlog_streak,total_load_ma_7,total_load_ma_14,total_load_ma_30,hhs_care_volatility_7d,discharge_offset_ratio,year,month,week
2023-01-12,33.0,53.0,34.0,6566.0,436.0,True,6619.0,-402.0,,0,0,6619.0,6619.0,6619.0,,12.823529411764707,2023,2023-01,2023-01-09/2023-01-15
2023-01-13,0.0,53.0,0.0,6566.0,0.0,False,6619.0,0.0,0.0,0,0,6619.0,6619.0,6619.0,,,2023,2023-01,2023-01-09/2023-01-15
2023-01-14,0.0,53.0,0.0,6566.0,0.0,False,6619.0,0.0,0.0,0,0,6619.0,6619.0,6619.0,0.0,,2023,2023-01,2023-01-09/2023-01-15
2023-01-15,0.0,53.0,0.0,6566.0,0.0,False,6619.0,0.0,0.0,0,0,6619.0,6619.0,6619.0,0.0,,2023,2023-01,2023-01-09/2023-01-15
2023-01-16,0.0,53.0,0.0,6566.0,0.0,False,6619.0,0.0,0.0,0,0,6619.0,6619.0,6619.0,0.0,,2023,2023-01,2023-01-16/2023-01-22
2023-01-17,0.0,53.0,0.0,6566.0,0.0,False,6619.0,0.0,0.0,0,0,6619.0,6619.0,6619.0,0.0,,2023,2023-01,2023-01-16/2023-01-22
2023-01-18,0.0,53.0,0.0,6566.0,0.0,False,6619.0,0.0,0.0,0,0,6619.0,6619.0,6619.0,0.0,,2023,2023-01,2023-01-16/2023-01-22
2023-01-19,0.0,53.0,0.0,6566.0,0.0,False,6619.0,0.0,0.0,0,0,6619.0,6619.0,6619.0,0.0,,2023,2023-01,2023-01-16/2023-01-22
2023-01-20,0.0,53.0,0.0,6566.0,0.0,False,6619.0,0.0,0.0,0,0,6619.0,6619.0,6619.0,0.0,,2023,2023-01,2023-01-16/2023-01-22
2023-01-21,0.0,53.0,0.0,6566.0,0.0,False,6619.0,0.0,0.0,0,0,6619.0,6619.0,6619.0,0.0,,2023,2023-01,2023-01-16/2023-01-22
2023-01-22,32.0,49.0,39.0,7122.0,227.0,True,7171.0,-188.0,8.339628342649942,0,0,6697.857142857143,6669.181818181818,6669.181818181818,3.2005520407117056,5.82051282051282,2023,2023-01,2023-01-16/2023-01-22
2023-01-23,32.0,50.0,39.0,7280.0,181.0,True,7330.0,-142.0,2.2172639799191263,0,0,6799.428571428572,6724.25,6724.25,3.170499154735134,4.641025641025641,2023,2023-01,2023-01-23/2023-01-29
2023-01-24,47.0,42.0,47.0,7433.0,175.0,True,7475.0,-128.0,1.9781718963165051,0,0,6921.714285714285,6782.0,6782.0,3.100577561609919,3.723404255319149,2023,2023-01,2023-01-23/2023-01-29
2023-01-25,20.0,22.0,41.0,7538.0,180.0,True,7560.0,-139.0,1.1371237458194017,0,0,7056.142857142857,6837.571428571428,6837.571428571428,3.006398905580624,4.390243902439025,2023,2023-01,2023-01-23/2023-01-29
2023-01-26,0.0,22.0,0.0,7538.0,0.0,False,7560.0,0.0,0.0,0,0,7190.571428571428,6904.785714285715,6885.733333333334,3.006398905580624,,2023,2023-01,2023-01-23/2023-01-29
2023-01-27,0.0,22.0,0.0,7538.0,0.0,False,7560.0,0.0,0.0,0,0,7325.0,6972.0,6927.875,3.006398905580624,,2023,2023-01,2023-01-23/2023-01-29
2023-01-28,0.0,22.0,0.0,7538.0,0.0,False,7560.0,0.0,0.0,0,0,7459.428571428572,7039.214285714285,6965.058823529412,3.006398905580624,,2023,2023-01,2023-01-23/2023-01-29
2023-01-29,23.0,45.0,11.0,7472.0,303.0,True,7517.0,-292.0,-0.5687830687830742,0,0,7508.857142857143,7103.357142857143,6995.722222222223,1.206258624788464,27.545454545454547,2023,2023-01,2023-01-23/2023-01-29
2023-01-30,34.0,54.0,29.0,7743.0,196.0,True,7797.0,-167.0,3.7248902487694524,0,0,7575.571428571428,7187.5,7037.894736842105,1.5665798707596514,6.758620689655173,2023,2023-01,2023-01-30/2023-02-05
2023-01-31,26.0,36.0,36.0,7803.0,158.0,True,7839.0,-122.0,0.538668718737978,0,0,7627.571428571428,7274.642857142857,7077.95,1.4737825978655152,4.388888888888889,2023,2023-01,2023-01-30/2023-02-05
2023-02-01,25.0,32.0,27.0,7903.0,231.0,True,7935.0,-204.0,1.2246460007653948,0,0,7681.142857142857,7368.642857142857,7118.761904761905,1.4641035088708128,8.555555555555555,2023,2023-02,2023-01-30/2023-02-05
2023-02-02,15.0,13.0,23.0,7879.0,298.0,True,7892.0,-275.0,-0.5419029615627013,0,0,7728.571428571428,7459.571428571428,7153.909090909091,1.4920787784009646,12.956521739130435,2023,2023-02,2023-01-30/2023-02-05
2023-02-03,0.0,13.0,0.0,7879.0,0.0,False,7892.0,0.0,0.0,0,0,7776.0,7550.5,7186.0,1.4920787784009646,,2023,2023-02,2023-01-30/2023-02-05
2023-02-04,0.0,13.0,0.0,7879.0,0.0,False,7892.0,0.0,0.0,0,0,7823.428571428572,7641.428571428572,7215.416666666667,1.4920787784009646,,2023,2023-02,2023-01-30/2023-02-05
2023-02-05,16.0,18.0,15.0,7586.0,342.0,True,7604.0,-327.0,-3.6492650785605707,0,0,7835.857142857143,7672.357142857143,7230.96,2.1956121530256922,22.8,2023,2023-02,2023-01-30/2023-02-05
2023-02-06,11.0,22.0,12.0,7720.0,196.0,True,7742.0,-184.0,1.8148342977380327,0,0,7828.0,7701.785714285715,7250.615384615385,1.7925153601155202,16.333333333333332,2023,2023-02,2023-02-06/2023-02-12
2023-02-07,16.0,20.0,20.0,7855.0,200.0,True,7875.0,-180.0,1.7179023508137492,0,0,7833.142857142857,7730.357142857143,7273.740740740741,1.8998345814076694,10.0,2023,2023-02,2023-02-06/2023-02-12
2023-02-08,93.0,196.0,169.0,7915.0,317.0,True,8111.0,-148.0,2.9968253968253977,0,0,7858.285714285715,7769.714285714285,7303.642857142857,1.8562296458209406,1.8757396449704142,2023,2023-02,2023-02-06/2023-02-12
2023-02-09,124.0,234.0,161.0,7908.0,353.0,True,8142.0,-192.0,0.3821970163974786,0,0,7894.0,7811.285714285715,7332.551724137931,1.851428953379869,2.1925465838509317,2023,2023-02,2023-02-06/2023-02-12
2023-02-10,0.0,234.0,0.0,7908.0,0.0,False,8142.0,0.0,0.0,0,0,7929.714285714285,7852.857142857143,7359.533333333334,1.851428953379869,,2023,2023-02,2023-02-06/2023-02-12
2023-02-11,0.0,234.0,0.0,7908.0,0.0,False,8142.0,0.0,0.0,0,0,7965.428571428572,7894.428571428572,7410.3,1.851428953379869,,2023,2023-02,2023-02-06/2023-02-12
2023-02-12,92.0,203.0,173.0,7434.0,317.0,True,7637.0,-144.0,-6.202407270940801,0,0,7970.142857142857,7903.0,7444.233333333334,2.6530500158804093,1.8323699421965318,2023,2023-02,2023-02-06/2023-02-12
2023-02-13,186.0,259.0,172.0,7483.0,244.0,True,7742.0,-72.0,1.3748854262144894,0,0,7970.142857142857,7899.071428571428,7481.666666666667,2.542983977595371,1.4186046511627908,2023,2023-02,2023-02-13/2023-02-19
2023-02-14,154.0,225.0,220.0,7794.0,223.0,True,8019.0,-3.0,3.577886850942913,0,0,7990.714285714285,7911.928571428572,7528.333333333333,3.005267849406165,1.0136363636363637,2023,2023-02,2023-02-13/2023-02-19
2023-02-15,91.0,199.0,172.0,7869.0,290.0,True,8068.0,-118.0,0.6110487591969083,0,0,7984.571428571428,7921.428571428572,7576.633333333333,3.0153839040213213,1.686046511627907,2023,2023-02,2023-02-13/2023-02-19
2023-02-16,81.0,213.0,153.0,7793.0,361.0,True,8006.0,-208.0,-0.7684680218145723,0,0,7965.142857142857,7929.571428571428,7622.866666666667,3.0357268156879433,2.3594771241830066,2023,2023-02,2023-02-13/2023-02-19
2023-02-17,0.0,213.0,0.0,7793.0,0.0,False,8006.0,0.0,0.0,0,0,7945.714285714285,7937.714285714285,7669.1,3.0357268156879433,,2023,2023-02,2023-02-13/2023-02-19
2023-02-18,0.0,213.0,0.0,7793.0,0.0,False,8006.0,0.0,0.0,0,0,7926.285714285715,7945.857142857143,7715.333333333333,3.0357268156879433,,2023,2023-02,2023-02-13/2023-02-19
2023-02-19,0.0,213.0,0.0,7793.0,0.0,False,8006.0,0.0,0.0,0,0,7979.0,7974.571428571428,7761.566666666667,1.6461482586703737,,2023,2023-02,2023-02-13/2023-02-19
2023-02-20,209.0,285.0,184.0,7817.0,209.0,True,8102.0,-25.0,1.1991006744941357,0,0,8030.428571428572,8000.285714285715,7811.0,1.6524913195904007,1.1358695652173914,2023,2023-02,2023-02-20/2023-02-26
2023-02-21,184.0,314.0,217.0,7967.0,213.0,True,8281.0,4.0,2.209331029375461,1,1,8067.857142857143,8029.285714285715,7848.0,0.9064226426370956,0.9815668202764977,2023,2023-02,2023-02-20/2023-02-26
2023-02-22,107.0,215.0,230.0,7978.0,232.0,True,8193.0,-2.0,-1.0626735901461126,0,0,8085.714285714285,8035.142857142857,7876.766666666666,0.8611249128476294,1.008695652173913,2023,2023-02,2023-02-20/2023-02-26
2023-02-23,101.0,162.0,178.0,7914.0,386.0,True,8076.0,-208.0,-1.42804833394361,0,0,8095.714285714285,8030.428571428572,7896.8,0.8257043261074685,2.168539325842697,2023,2023-02,2023-02-20/2023-02-26
2023-02-24,0.0,162.0,0.0,7914.0,0.0,False,8076.0,0.0,0.0,0,0,8105.714285714285,8025.714285714285,7914.0,0.8257043261074685,,2023,2023-02,2023-02-20/2023-02-26
2023-02-25,0.0,162.0,0.0,7914.0,0.0,False,8076.0,0.0,0.0,0,0,8115.714285714285,8021.0,7931.2,0.8257043261074685,,2023,2023-02,2023-02-20/2023-02-26
2023-02-26,99.0,190.0,176.0,7609.0,323.0,True,7799.0,-147.0,-3.42991579990094,0,0,8086.142857142857,8032.571428571428,7939.166666666667,1.757954755127733,1.8352272727272727,2023,2023-02,2023-02-20/2023-02-26
2023-02-27,167.0,239.0,166.0,7800.0,248.0,True,8039.0,-82.0,3.077317604821128,0,0,8077.142857142857,8053.785714285715,7955.133333333333,2.061448852729028,1.4939759036144578,2023,2023-02,2023-02-27/2023-03-05
2023-02-28,115.0,216.0,169.0,7896.0,200.0,True,8112.0,-31.0,0.9080731434258027,0,0,8053.0,8060.428571428572,7974.966666666666,1.9682870562499315,1.183431952662722,2023,2023-02,2023-02-27/2023-03-05
2023-03-01,84.0,158.0,193.0,7930.0,307.0,True,8088.0,-114.0,-0.295857988165682,0,0,8038.0,8061.857142857143,7984.666666666667,1.9775405930939869,1.5906735751295338,2023,2023-03,2023-02-27/2023-03-05
2023-03-02,130.0,227.0,192.0,7870.0,335.0,True,8097.0,-143.0,0.1112759643916883,0,0,8041.0,8068.357142857143,7993.266666666666,1.9747976800068519,1.7447916666666667,2023,2023-03,2023-02-27/2023-03-05
2023-03-03,0.0,227.0,0.0,7870.0,0.0,False,8097.0,0.0,0.0,0,0,8044.0,8074.857142857143,7998.666666666667,1.9747976800068519,,2023,2023-03,2023-02-27/2023-03-05
2023-03-04,0.0,227.0,0.0,7870.0,0.0,False,8097.0,0.0,0.0,0,0,8047.0,8081.357142857143,8005.5,1.9747976800068519,,2023,2023-03,2023-02-27/2023-03-05
2023-03-05,0.0,227.0,0.0,7870.0,0.0,False,8097.0,0.0,0.0,0,0,8089.571428571428,8087.857142857143,8012.333333333333,1.0729823243407954,,2023,2023-03,2023-02-27/2023-03-05
2023-03-06,0.0,227.0,0.0,7870.0,0.0,False,8097.0,0.0,0.0,0,0,8097.857142857143,8087.5,8019.166666666667,0.5994085642517385,,2023,2023-03,2023-03-06/2023-03-12
2023-03-07,88.0,214.0,160.0,7859.0,259.0,True,8073.0,-99.0,-0.2964060763245624,0,0,8092.285714285715,8072.642857142857,8034.8,0.35271094604457526,1.61875,2023,2023-03,2023-03-06/2023-03-12
2023-03-08,113.0,208.0,159.0,7885.0,291.0,True,8093.0,-132.0,0.24773937817414993,0,0,8093.0,8065.5,8046.5,0.33059678796559977,1.830188679245283,2023,2023-03,2023-03-06/2023-03-12
2023-03-09,174.0,285.0,150.0,7786.0,340.0,True,8071.0,-190.0,-0.27183986160880247,0,0,8089.285714285715,8065.142857142857,8053.033333333334,0.5071999102275667,2.2666666666666666,2023,2023-03,2023-03-06/2023-03-12
2023-03-10,0.0,285.0,0.0,7786.0,0.0,False,8071.0,0.0,0.0,0,0,8085.571428571428,8064.785714285715,8051.7,0.5071999102275667,,2023,2023-03,2023-03-06/2023-03-12
2023-03-11,0.0,285.0,0.0,7786.0,0.0,False,8071.0,0.0,0.0,0,0,8081.857142857143,8064.428571428572,8049.333333333333,0.5071999102275667,,2023,2023-03,2023-03-06/2023-03-12
2023-03-12,0.0,285.0,0.0,7786.0,0.0,False,8071.0,0.0,0.0,0,0,8078.142857142857,8083.857142857143,8046.966666666666,0.5071999102275667,,2023,2023-03,2023-03-06/2023-03-12
2023-03-13,104.0,230.0,206.0,7567.0,249.0,True,7797.0,-43.0,-3.3948705240986254,0,0,8035.285714285715,8066.571428571428,8035.466666666666,1.1157463455890178,1.2087378640776698,2023,2023-03,2023-03-13/2023-03-19
2023-03-14,147.0,276.0,214.0,7810.0,181.0,True,8086.0,33.0,3.70655380274465,1,1,8037.142857142857,8064.714285714285,8050.433333333333,1.8198141605438478,0.8457943925233645,2023,2023-03,2023-03-13/2023-03-19
2023-03-15,108.0,220.0,213.0,7915.0,286.0,True,8135.0,-73.0,0.6059856542171671,0,0,8043.142857142857,8068.071428571428,8063.533333333334,1.896223780030382,1.3427230046948357,2023,2023-03,2023-03-13/2023-03-19
2023-03-16,180.0,280.0,146.0,7989.0,308.0,True,8269.0,-162.0,1.647203441917644,0,0,8071.428571428572,8080.357142857143,8071.866666666667,1.8203092320969065,2.1095890410958904,2023,2023-03,2023-03-13/2023-03-19
2023-03-17,0.0,280.0,0.0,7989.0,0.0,False,8269.0,0.0,0.0,0,0,8099.714285714285,8092.642857142857,8078.566666666667,1.8203092320969065,,2023,2023-03,2023-03-13/2023-03-19
2023-03-18,0.0,280.0,0.0,7989.0,0.0,False,8269.0,0.0,0.0,0,0,8128.0,8104.928571428572,8087.333333333333,1.8203092320969065,,2023,2023-03,2023-03-13/2023-03-19
2023-03-19,134.0,294.0,186.0,7885.0,306.0,True,8179.0,-120.0,-1.0884024670455905,0,0,8143.428571428572,8110.785714285715,8093.1,1.9291513107070062,1.6451612903225807,2023,2023-03,2023-03-13/2023-03-19
2023-03-20,202.0,313.0,158.0,7931.0,279.0,True,8244.0,-121.0,0.7947181807066883,0,0,8207.285714285714,8121.285714285715,8101.033333333334,1.4009285432265135,1.7658227848101267,2023,2023-03,2023-03-20/2023-03-26
2023-03-21,110.0,272.0,193.0,8050.0,221.0,True,8322.0,-28.0,0.9461426491994107,0,0,8241.0,8139.071428571428,8111.566666666667,0.9685927566767872,1.145077720207254,2023,2023-03,2023-03-20/2023-03-26
2023-03-22,166.0,277.0,229.0,8097.0,246.0,True,8374.0,-17.0,0.6248497957221932,0,0,8275.142857142857,8159.142857142857,8120.633333333333,0.889292686237598,1.074235807860262,2023,2023-03,2023-03-20/2023-03-26
2023-03-23,136.0,276.0,178.0,8102.0,331.0,True,8378.0,-153.0,0.04776689754000252,0,0,8290.714285714286,8181.071428571428,8123.866666666667,0.8504754310281992,1.8595505617977528,2023,2023-03,2023-03-20/2023-03-26
2023-03-24,0.0,276.0,0.0,8102.0,0.0,False,8378.0,0.0,0.0,0,0,8306.285714285714,8203.0,8130.033333333334,0.8504754310281992,,2023,2023-03,2023-03-20/2023-03-26
2023-03-25,0.0,276.0,0.0,8102.0,0.0,False,8378.0,0.0,0.0,0,0,8321.857142857143,8224.92857142857,8140.1,0.8504754310281992,,2023,2023-03,2023-03-20/2023-03-26
2023-03-26,87.0,246.0,173.0,7847.0,352.0,True,8093.0,-179.0,-3.4017665313917367,0,0,8309.57142857143,8226.5,8140.666666666667,1.461583014048036,2.0346820809248554,2023,2023-03,2023-03-20/2023-03-26
2023-03-27,84.0,171.0,157.0,7994.0,235.0,True,8165.0,-78.0,0.8896577289015273,0,0,8298.285714285714,8252.785714285714,8143.633333333333,1.62801990261442,1.4968152866242037,2023,2023-03,2023-03-27/2023-04-02
2023-03-28,167.0,209.0,157.0,8079.0,223.0,True,8288.0,-66.0,1.5064298836497292,0,0,8293.42857142857,8267.214285714286,8159.933333333333,1.5739325601160123,1.4203821656050954,2023,2023-03,2023-03-27/2023-04-02
2023-03-29,109.0,245.0,159.0,8208.0,267.0,True,8453.0,-108.0,1.9908301158301223,0,0,8304.714285714286,8289.92857142857,8173.733333333334,1.673312483429434,1.679245283018868,2023,2023-03,2023-03-27/2023-04-02
2023-03-30,156.0,256.0,176.0,8158.0,359.0,True,8414.0,-183.0,-0.4613746598840618,0,0,8309.857142857143,8300.285714285714,8183.8,1.7019755860611834,2.039772727272727,2023,2023-03,2023-03-27/2023-04-02
2023-03-31,0.0,256.0,0.0,8158.0,0.0,False,8414.0,0.0,0.0,0,0,8315.0,8310.642857142857,8194.666666666666,1.7019755860611834,,2023,2023-03,2023-03-27/2023-04-02
2023-04-01,0.0,256.0,0.0,8158.0,0.0,False,8414.0,0.0,0.0,0,0,8320.142857142857,8321.0,8205.233333333334,1.7019755860611834,,2023,2023-04,2023-03-27/2023-04-02
2023-04-02,125.0,232.0,192.0,7981.0,304.0,True,8213.0,-112.0,-2.388875683384839,0,0,8337.285714285714,8323.42857142857,8209.1,1.4040531659078899,1.5833333333333333,2023,2023-04,2023-03-27/2023-04-02
2023-04-03,118.0,139.0,168.0,8054.0,284.0,True,8193.0,-116.0,-0.24351637647631597,0,0,8341.285714285714,8319.785714285714,8212.3,1.2586200059040016,1.6904761904761905,2023,2023-04,2023-04-03/2023-04-09
2023-04-04,142.0,235.0,139.0,8068.0,259.0,True,8303.0,-120.0,1.3426095447333086,0,0,8343.42857142857,8318.42857142857,8219.166666666666,1.1897899559422092,1.8633093525179856,2023,2023-04,2023-04-03/2023-04-09
2023-04-05,148.0,245.0,175.0,8175.0,260.0,True,8420.0,-85.0,1.4091292303986425,0,0,8338.714285714286,8321.714285714286,8229.933333333332,1.1317566959244536,1.4857142857142858,2023,2023-04,2023-04-03/2023-04-09
2023-04-06,119.0,219.0,210.0,8178.0,284.0,True,8397.0,-74.0,-0.2731591448931092,0,0,8336.285714285714,8323.07142857143,8240.733333333334,1.1047701421816036,1.3523809523809525,2023,2023-04,2023-04-03/2023-04-09
2023-04-07,0.0,219.0,0.0,8178.0,0.0,False,8397.0,0.0,0.0,0,0,8333.857142857143,8324.42857142857,8250.866666666667,1.1047701421816036,,2023,2023-04,2023-04-03/2023-04-09
2023-04-08,0.0,219.0,0.0,8178.0,0.0,False,8397.0,0.0,0.0,0,0,8331.42857142857,8325.785714285714,8261.733333333334,1.1047701421816036,,2023,2023-04,2023-04-03/2023-04-09
2023-04-09,105.0,210.0,149.0,7900.0,329.0,True,8110.0,-180.0,-3.4178873407169186,0,0,8316.714285714286,8327.0,8263.033333333333,1.5304886200091194,2.208053691275168,2023,2023-04,2023-04-03/2023-04-09
2023-04-10,143.0,203.0,163.0,7826.0,265.0,True,8029.0,-102.0,-0.998766954377317,0,0,8293.285714285714,8317.285714285714,8261.633333333333,1.4778409395888206,1.6257668711656441,2023,2023-04,2023-04-10/2023-04-16
2023-04-11,119.0,209.0,152.0,7922.0,187.0,True,8131.0,-35.0,1.2703948187819059,0,0,8268.714285714286,8306.07142857143,8263.633333333333,1.5949050963543765,1.230263157894737,2023,2023-04,2023-04-10/2023-04-16
2023-04-12,155.0,212.0,181.0,7876.0,283.0,True,8088.0,-102.0,-0.5288402410527637,0,0,8221.285714285714,8280.0,8273.333333333334,1.4358297472223716,1.5635359116022098,2023,2023-04,2023-04-10/2023-04-16
2023-04-13,109.0,214.0,173.0,7795.0,370.0,True,8009.0,-197.0,-0.97675568743818,0,0,8165.857142857143,8251.07142857143,8270.766666666666,1.4231481315835024,2.138728323699422,2023,2023-04,2023-04-10/2023-04-16
2023-04-14,0.0,214.0,0.0,7795.0,0.0,False,8009.0,0.0,0.0,0,0,8110.428571428572,8222.142857142857,8266.566666666668,1.4231481315835024,,2023,2023-04,2023-04-10/2023-04-16
2023-04-15,0.0,214.0,0.0,7795.0,0.0,False,8009.0,0.0,0.0,0,0,8055.0,8193.214285714286,8257.9,1.4231481315835024,,2023,2023-04,2023-04-10/2023-04-16
2023-04-16,191.0,283.0,192.0,7380.0,272.0,True,7663.0,-80.0,-4.320139842676984,0,0,7991.142857142857,8153.928571428572,8237.7,2.074323018286389,1.4166666666666667,2023,2023-04,2023-04-10/2023-04-16
2023-04-17,170.0,297.0,196.0,7344.0,248.0,True,7641.0,-52.0,-0.2870938274827095,0,0,7935.714285714285,8114.5,8216.766666666666,2.0816926280430614,1.2653061224489797,2023,2023-04,2023-04-17/2023-04-23
2023-04-18,152.0,272.0,214.0,7376.0,234.0,True,7648.0,-20.0,0.0916110456746555,0,0,7866.714285714285,8067.714285714285,8199.066666666668,1.966240853865656,1.0934579439252337,2023,2023-04,2023-04-17/2023-04-23
2023-04-19,239.0,367.0,224.0,7356.0,229.0,True,7723.0,-5.0,0.9806485355648542,0,0,7814.571428571428,8017.928571428572,8181.7,1.9806141222487188,1.0223214285714286,2023,2023-04,2023-04-17/2023-04-23
2023-04-20,113.0,280.0,237.0,7490.0,320.0,True,7770.0,-83.0,0.6085717985238936,0,0,7780.428571428572,7973.142857142857,8163.3,2.238796390050018,1.350210970464135,2023,2023-04,2023-04-17/2023-04-23
2023-04-21,0.0,280.0,0.0,7490.0,0.0,False,7770.0,0.0,0.0,0,0,7746.285714285715,7928.357142857143,8143.166666666667,2.238796390050018,,2023,2023-04,2023-04-17/2023-04-23
2023-04-22,0.0,280.0,0.0,7490.0,0.0,False,7770.0,0.0,0.0,0,0,7712.142857142857,7883.571428571428,8122.9,2.238796390050018,,2023,2023-04,2023-04-17/2023-04-23
2023-04-23,196.0,306.0,187.0,7534.0,266.0,True,7840.0,-79.0,0.9009009009008917,0,0,7737.428571428572,7864.285714285715,8104.966666666666,0.7684687127366692,1.4224598930481283,2023,2023-04,2023-04-17/2023-04-23
2023-04-24,236.0,330.0,222.0,7796.0,213.0,True,8126.0,9.0,3.647959183673466,1,1,7806.714285714285,7871.214285714285,8096.566666666667,1.3409740663182061,0.9594594594594594,2023,2023-04,2023-04-24/2023-04-30
2023-04-25,81.0,230.0,242.0,8017.0,202.0,True,8247.0,40.0,1.4890475018459304,1,2,7892.285714285715,7879.5,8101.7,1.5091621817160712,0.8347107438016529,2023,2023-04,2023-04-24/2023-04-30
2023-04-26,118.0,245.0,160.0,8117.0,256.0,True,8362.0,-96.0,1.3944464653813604,0,0,7983.571428571428,7899.071428571428,8108.266666666666,1.3633387836787192,1.6,2023,2023-04,2023-04-24/2023-04-30
2023-04-27,218.0,283.0,208.0,8159.0,310.0,True,8442.0,-102.0,0.9567089213107005,0,0,8079.571428571428,7930.0,8113.4,1.3888366438162554,1.4903846153846154,2023,2023-04,2023-04-24/2023-04-30
2023-04-28,0.0,283.0,0.0,8159.0,0.0,False,8442.0,0.0,0.0,0,0,8175.571428571428,7960.928571428572,8113.033333333334,1.3888366438162554,,2023,2023-04,2023-04-24/2023-04-30
2023-04-29,0.0,283.0,0.0,8159.0,0.0,False,8442.0,0.0,0.0,0,0,8271.57142857143,7991.857142857143,8113.966666666666,1.3888366438162554,,2023,2023-04,2023-04-24/2023-04-30
2023-04-30,132.0,243.0,183.0,8352.0,293.0,True,8595.0,-110.0,1.8123667377398789,0,0,8379.42857142857,8058.428571428572,8120.0,1.4124623841362285,1.6010928961748634,2023,2023-04,2023-04-24/2023-04-30
2023-05-01,224.0,315.0,152.0,8492.0,237.0,True,8807.0,-85.0,2.4665503199534644,0,0,8476.714285714286,8141.714285714285,8133.1,1.125279085755508,1.5592105263157894,2023,2023-05,2023-05-01/2023-05-07
2023-05-02,167.0,326.0,213.0,8654.0,245.0,True,8980.0,-32.0,1.964346542522999,0,0,8581.42857142857,8236.857142857143,8158.666666666667,0.9457734605973824,1.1502347417840375,2023,2023-05,2023-05-01/2023-05-07
2023-05-03,209.0,353.0,232.0,8704.0,267.0,True,9057.0,-35.0,0.8574610244988845,0,0,8680.714285714286,8332.142857142857,8187.466666666666,0.9623414039697326,1.1508620689655173,2023,2023-05,2023-05-01/2023-05-07
2023-05-04,153.0,253.0,286.0,8790.0,332.0,True,9043.0,-46.0,-0.15457657060836683,0,0,8766.57142857143,8423.07142857143,8212.133333333333,0.9386371976845995,1.1608391608391608,2023,2023-05,2023-05-01/2023-05-07
2023-05-05,0.0,253.0,0.0,8790.0,0.0,False,9043.0,0.0,0.0,0,0,8852.42857142857,8514.0,8232.9,0.9386371976845995,,2023,2023-05,2023-05-01/2023-05-07
2023-05-06,0.0,253.0,0.0,8790.0,0.0,False,9043.0,0.0,0.0,0,0,8938.285714285714,8604.92857142857,8254.433333333332,0.9386371976845995,,2023,2023-05,2023-05-01/2023-05-07
2023-05-07,180.0,337.0,219.0,8485.0,375.0,True,8822.0,-156.0,-2.4438792436138446,0,0,8970.714285714286,8675.07142857143,8268.6,1.7979534720424077,1.7123287671232876,2023,2023-05,2023-05-01/2023-05-07
2023-05-08,133.0,287.0,189.0,8590.0,261.0,True,8877.0,-72.0,0.6234413965087171,0,0,8980.714285714286,8728.714285714286,8284.6,1.746447145401137,1.380952380952381,2023,2023-05,2023-05-08/2023-05-14
2023-05-09,187.0,310.0,247.0,8606.0,250.0,True,8916.0,-3.0,0.4393376140588101,0,0,8971.57142857143,8776.5,8311.466666666667,1.5749616802970352,1.0121457489878543,2023,2023-05,2023-05-08/2023-05-14
2023-05-10,168.0,285.0,210.0,8681.0,304.0,True,8966.0,-94.0,0.56078959174517,0,0,8958.57142857143,8819.642857142857,8342.7,1.5987848557413573,1.4476190476190476,2023,2023-05,2023-05-08/2023-05-14
2023-05-11,269.0,412.0,204.0,8672.0,392.0,True,9084.0,-188.0,1.3160829801472262,0,0,8964.42857142857,8865.5,8374.466666666667,1.5352913710443115,1.9215686274509804,2023,2023-05,2023-05-08/2023-05-14
2023-05-12,0.0,412.0,0.0,8672.0,0.0,False,9084.0,0.0,0.0,0,0,8970.285714285714,8911.357142857143,8407.666666666666,1.5352913710443115,,2023,2023-05,2023-05-08/2023-05-14
2023-05-13,0.0,412.0,0.0,8672.0,0.0,False,9084.0,0.0,0.0,0,0,8976.142857142857,8957.214285714286,8443.5,1.5352913710443115,,2023,2023-05,2023-05-08/2023-05-14
2023-05-14,100.0,255.0,236.0,8445.0,288.0,True,8700.0,-52.0,-4.227212681638049,0,0,8958.714285714286,8964.714285714286,8466.533333333333,1.2357373405223993,1.2203389830508475,2023,2023-05,2023-05-08/2023-05-14
2023-05-15,205.0,294.0,177.0,8571.0,277.0,True,8865.0,-100.0,1.8965517241379404,0,0,8957.0,8968.857142857143,8495.066666666668,1.2831435425041027,1.5649717514124293,2023,2023-05,2023-05-15/2023-05-21
2023-05-16,161.0,304.0,211.0,8572.0,272.0,True,8876.0,-61.0,0.12408347433727762,0,0,8951.285714285714,8961.42857142857,8535.5,1.2800569199371201,1.2890995260663507,2023,2023-05,2023-05-15/2023-05-21
2023-05-17,57.0,162.0,193.0,8569.0,307.0,True,8731.0,-114.0,-1.6336187471834185,0,0,8917.714285714286,8938.142857142857,8571.833333333334,1.2155916558149344,1.5906735751295338,2023,2023-05,2023-05-15/2023-05-21
2023-05-18,80.0,122.0,152.0,8474.0,351.0,True,8596.0,-199.0,-1.5462146374985664,0,0,8848.0,8906.214285714286,8603.433333333332,1.263617634921442,2.3092105263157894,2023,2023-05,2023-05-15/2023-05-21
2023-05-19,0.0,122.0,0.0,8474.0,0.0,False,8596.0,0.0,0.0,0,0,8778.285714285714,8874.285714285714,8632.533333333333,1.263617634921442,,2023,2023-05,2023-05-15/2023-05-21
2023-05-20,0.0,122.0,0.0,8474.0,0.0,False,8596.0,0.0,0.0,0,0,8708.57142857143,8842.357142857143,8660.066666666668,1.263617634921442,,2023,2023-05,2023-05-15/2023-05-21
2023-05-21,107.0,170.0,133.0,7826.0,343.0,True,7996.0,-210.0,-6.979990693345739,0,0,8608.0,8783.357142857143,8667.6,3.009606594558553,2.5789473684210527,2023,2023-05,2023-05-15/2023-05-21
2023-05-22,99.0,156.0,139.0,7848.0,240.0,True,8004.0,-101.0,0.10005002501249916,0,0,8485.0,8721.0,8675.4,2.8713766745228058,1.7266187050359711,2023,2023-05,2023-05-22/2023-05-28
2023-05-23,25.0,66.0,94.0,7788.0,246.0,True,7854.0,-152.0,-1.874062968515744,0,0,8339.0,8645.142857142857,8675.866666666667,2.830858842267472,2.617021276595745,2023,2023-05,2023-05-22/2023-05-28
2023-05-24,35.0,70.0,53.0,7709.0,276.0,True,7779.0,-223.0,-0.9549274255156615,0,0,8203.0,8560.357142857143,8664.3,2.7802340330972086,5.2075471698113205,2023,2023-05,2023-05-22/2023-05-28
2023-05-25,43.0,73.0,64.0,7546.0,408.0,True,7619.0,-344.0,-2.056819642627583,0,0,8063.428571428572,8455.714285714286,8643.366666666667,2.784747699053529,6.375,2023,2023-05,2023-05-22/2023-05-28
2023-05-26,0.0,73.0,0.0,7546.0,0.0,False,7619.0,0.0,0.0,0,0,7923.857142857143,8351.07142857143,8618.6,2.784747699053529,,2023,2023-05,2023-05-22/2023-05-28
2023-05-27,0.0,73.0,0.0,7546.0,0.0,False,7619.0,0.0,0.0,0,0,7784.285714285715,8246.42857142857,8591.166666666666,2.784747699053529,,2023,2023-05,2023-05-22/2023-05-28
2023-05-28,0.0,73.0,0.0,7546.0,0.0,False,7619.0,0.0,0.0,0,0,7730.428571428572,8169.214285714285,8563.733333333334,0.8464856795611861,,2023,2023-05,2023-05-22/2023-05-28
2023-05-29,41.0,60.0,71.0,6996.0,207.0,True,7056.0,-136.0,-7.389421183882394,0,0,7595.0,8040.0,8517.533333333333,2.6250729347749915,2.915492957746479,2023,2023-05,2023-05-29/2023-06-04
2023-05-30,65.0,83.0,65.0,7046.0,168.0,True,7129.0,-103.0,1.0345804988662222,0,0,7491.428571428572,7915.214285714285,8468.666666666666,2.7593968465960916,2.5846153846153848,2023,2023-05,2023-05-29/2023-06-04
2023-05-31,38.0,80.0,82.0,7053.0,210.0,True,7133.0,-128.0,0.05610885117126596,0,0,7399.142857142857,7801.071428571428,8412.866666666667,2.815931297216941,2.5609756097560976,2023,2023-05,2023-05-29/2023-06-04
2023-06-01,56.0,82.0,68.0,7002.0,287.0,True,7084.0,-219.0,-0.6869479882237517,0,0,7322.714285714285,7693.071428571428,8349.666666666666,2.7918541261917174,4.220588235294118,2023,2023-06,2023-05-29/2023-06-04
2023-06-02,0.0,82.0,0.0,7002.0,0.0,False,7084.0,0.0,0.0,0,0,7246.285714285715,7585.071428571428,8283.9,2.7918541261917174,,2023,2023-06,2023-05-29/2023-06-04
2023-06-03,0.0,82.0,0.0,7002.0,0.0,False,7084.0,0.0,0.0,0,0,7169.857142857143,7477.071428571428,8218.6,2.7918541261917174,,2023,2023-06,2023-05-29/2023-06-04
2023-06-04,74.0,103.0,80.0,6555.0,292.0,True,6658.0,-212.0,-6.013551665725581,0,0,7032.571428571428,7381.5,8139.1,3.380591478588022,3.65,2023,2023-06,2023-05-29/2023-06-04
2023-06-05,68.0,107.0,102.0,6523.0,189.0,True,6630.0,-87.0,-0.4205467107239458,0,0,6971.714285714285,7283.357142857143,8058.666666666667,2.4312825636119735,1.8529411764705883,2023,2023-06,2023-06-05/2023-06-11
2023-06-06,92.0,124.0,93.0,6508.0,187.0,True,6632.0,-94.0,0.030165912518853588,0,0,6900.714285714285,7196.071428571428,7985.666666666667,2.347026365741309,2.010752688172043,2023,2023-06,2023-06-05/2023-06-11
2023-06-07,113.0,162.0,107.0,6483.0,208.0,True,6645.0,-101.0,0.19601930036188264,0,0,6831.0,7115.071428571428,7911.266666666666,2.312583692997288,1.9439252336448598,2023,2023-06,2023-06-05/2023-06-11
2023-06-08,106.0,196.0,131.0,6446.0,255.0,True,6642.0,-124.0,-0.04514672686229959,0,0,6767.857142857143,7045.285714285715,7835.466666666666,2.3182317801067303,1.9465648854961832,2023,2023-06,2023-06-05/2023-06-11
2023-06-09,0.0,196.0,0.0,6446.0,0.0,False,6642.0,0.0,0.0,0,0,6704.714285714285,6975.5,7758.0,2.3182317801067303,,2023,2023-06,2023-06-05/2023-06-11
2023-06-10,0.0,196.0,0.0,6446.0,0.0,False,6642.0,0.0,0.0,0,0,6641.571428571428,6905.714285714285,7676.6,2.3182317801067303,,2023,2023-06,2023-06-05/2023-06-11
2023-06-11,86.0,152.0,168.0,6007.0,238.0,True,6159.0,-70.0,-7.271906052393861,0,0,6570.285714285715,6801.428571428572,7579.1,2.4787485365055515,1.4166666666666667,2023,2023-06,2023-06-05/2023-06-11
2023-06-12,84.0,118.0,136.0,6021.0,177.0,True,6139.0,-41.0,-0.32472804026627555,0,0,6500.142857142857,6735.928571428572,7480.933333333333,2.5283399591166855,1.3014705882352942,2023,2023-06,2023-06-12/2023-06-18
2023-06-13,59.0,64.0,117.0,6061.0,146.0,True,6125.0,-29.0,-0.22805017103763037,0,0,6427.714285714285,6664.214285714285,7395.1,2.6016846423163624,1.2478632478632479,2023,2023-06,2023-06-12/2023-06-18
2023-06-14,62.0,97.0,52.0,6065.0,167.0,True,6162.0,-115.0,0.604081632653064,0,0,6358.714285714285,6594.857142857143,7305.0,2.62436363707796,3.2115384615384617,2023,2023-06,2023-06-12/2023-06-18
2023-06-15,91.0,75.0,97.0,6038.0,272.0,True,6113.0,-175.0,-0.7951963648166194,0,0,6283.142857142857,6525.5,7212.9,2.6275501806797563,2.804123711340206,2023,2023-06,2023-06-12/2023-06-18
2023-06-16,0.0,75.0,0.0,6038.0,0.0,False,6113.0,0.0,0.0,0,0,6207.571428571428,6456.142857142857,7125.633333333333,2.6275501806797563,,2023,2023-06,2023-06-12/2023-06-18
2023-06-17,0.0,75.0,0.0,6038.0,0.0,False,6113.0,0.0,0.0,0,0,6132.0,6386.785714285715,7042.866666666667,2.6275501806797563,,2023,2023-06,2023-06-12/2023-06-18
2023-06-18,0.0,75.0,0.0,6038.0,0.0,False,6113.0,0.0,0.0,0,0,6125.428571428572,6347.857142857143,6960.1,0.33162244242229577,,2023,2023-06,2023-06-12/2023-06-18
2023-06-19,29.0,51.0,11.0,5679.0,142.0,True,5730.0,-131.0,-6.265336168820546,0,0,6067.0,6283.571428571428,6864.566666666667,2.2882896149616094,12.909090909090908,2023,2023-06,2023-06-19/2023-06-25
2023-06-20,33.0,53.0,34.0,5904.0,134.0,True,5957.0,-100.0,3.961605584642225,0,0,6043.0,6235.357142857143,6796.6,2.8998038967491153,3.9411764705882355,2023,2023-06,2023-06-19/2023-06-25
2023-06-21,93.0,196.0,169.0,5922.0,149.0,True,6118.0,20.0,2.7027027027026973,1,1,6036.714285714285,6197.714285714285,6733.733333333334,2.906741915297865,0.8816568047337278,2023,2023-06,2023-06-19/2023-06-25
2023-06-22,124.0,234.0,161.0,5956.0,207.0,True,6190.0,-46.0,1.1768551814318462,0,0,6047.714285714285,6165.428571428572,6678.266666666666,2.9239381218100697,1.2857142857142858,2023,2023-06,2023-06-19/2023-06-25
2023-06-23,0.0,234.0,0.0,5956.0,0.0,False,6190.0,0.0,0.0,0,0,6058.714285714285,6133.142857142857,6625.3,2.9239381218100697,,2023,2023-06,2023-06-19/2023-06-25
2023-06-24,0.0,234.0,0.0,5956.0,0.0,False,6190.0,0.0,0.0,0,0,6069.714285714285,6100.857142857143,6577.666666666667,2.9239381218100697,,2023,2023-06,2023-06-19/2023-06-25
2023-06-25,92.0,203.0,173.0,5766.0,263.0,True,5969.0,-90.0,-3.5702746365104954,0,0,6049.142857142857,6087.285714285715,6522.666666666667,3.136141713902142,1.5202312138728324,2023,2023-06,2023-06-19/2023-06-25
2023-06-26,186.0,259.0,172.0,5819.0,174.0,True,6078.0,-2.0,1.8261015245434775,0,0,6098.857142857143,6082.928571428572,6471.3,2.0895572727495884,1.0116279069767442,2023,2023-06,2023-06-26/2023-07-02
2023-06-27,154.0,225.0,220.0,5917.0,155.0,True,6142.0,65.0,1.0529779532741035,1,1,6125.285714285715,6084.142857142857,6422.066666666667,1.5420805672905127,0.7045454545454546,2023,2023-06,2023-06-26/2023-07-02
2023-06-28,91.0,199.0,172.0,5999.0,174.0,True,6198.0,-2.0,0.9117551286226044,0,0,6136.714285714285,6086.714285714285,6393.466666666666,1.6247296860988567,1.0116279069767442,2023,2023-06,2023-06-26/2023-07-02
2023-06-29,81.0,213.0,153.0,6058.0,213.0,True,6271.0,-60.0,1.177799290093584,0,0,6148.285714285715,6098.0,6364.866666666667,1.6478048521542938,1.392156862745098,2023,2023-06,2023-06-26/2023-07-02
2023-06-30,0.0,213.0,0.0,6058.0,0.0,False,6271.0,0.0,0.0,0,0,6159.857142857143,6109.285714285715,6336.133333333333,1.6478048521542938,,2023,2023-06,2023-06-26/2023-07-02
2023-07-01,0.0,213.0,0.0,6058.0,0.0,False,6271.0,0.0,0.0,0,0,6171.428571428572,6120.571428571428,6309.033333333334,1.6478048521542938,,2023,2023-07,2023-06-26/2023-07-02
2023-07-02,209.0,285.0,184.0,5903.0,309.0,True,6188.0,-125.0,-1.3235528623823933,0,0,6202.714285714285,6125.928571428572,6279.166666666667,1.4307888600829874,1.6793478260869565,2023,2023-07,2023-06-26/2023-07-02
2023-07-03,0.0,285.0,0.0,5903.0,0.0,False,6188.0,0.0,0.0,0,0,6218.428571428572,6158.642857142857,6249.3,1.4113429564781172,,2023,2023-07,2023-07-03/2023-07-09
2023-07-04,184.0,314.0,217.0,6127.0,124.0,True,6441.0,93.0,4.088558500323214,1,1,6261.142857142857,6193.214285714285,6242.066666666667,1.9138462989707326,0.5714285714285714,2023,2023-07,2023-07-03/2023-07-09
2023-07-05,107.0,215.0,230.0,6193.0,167.0,True,6408.0,63.0,-0.5123428039124356,1,2,6291.142857142857,6213.928571428572,6234.666666666667,1.8938930168222619,0.7260869565217392,2023,2023-07,2023-07-03/2023-07-09
2023-07-06,101.0,162.0,178.0,6239.0,205.0,True,6401.0,-27.0,-0.10923845193507864,0,0,6309.714285714285,6229.0,6226.966666666666,1.8852010818819993,1.151685393258427,2023,2023-07,2023-07-03/2023-07-09
2023-07-07,0.0,162.0,0.0,6239.0,0.0,False,6401.0,0.0,0.0,0,0,6328.285714285715,6244.071428571428,6218.833333333333,1.8852010818819993,,2023,2023-07,2023-07-03/2023-07-09
2023-07-08,0.0,162.0,0.0,6239.0,0.0,False,6401.0,0.0,0.0,0,0,6346.857142857143,6259.142857142857,6210.8,1.8852010818819993,,2023,2023-07,2023-07-03/2023-07-09
2023-07-09,99.0,190.0,176.0,6214.0,196.0,True,6404.0,-20.0,0.04686767692547722,0,0,6377.714285714285,6290.214285714285,6202.866666666667,1.436931270308656,1.1136363636363635,2023,2023-07,2023-07-03/2023-07-09
2023-07-10,167.0,239.0,166.0,6346.0,163.0,True,6585.0,3.0,2.826358525921302,1,1,6434.428571428572,6326.428571428572,6200.966666666666,1.4771542128046065,0.9819277108433735,2023,2023-07,2023-07-10/2023-07-16
2023-07-11,115.0,216.0,169.0,6498.0,143.0,True,6714.0,26.0,1.9589977220956678,1,2,6473.428571428572,6367.285714285715,6219.466666666666,1.0865627236691768,0.8461538461538461,2023,2023-07,2023-07-10/2023-07-16
2023-07-12,84.0,158.0,193.0,6521.0,210.0,True,6679.0,-17.0,-0.5212987786714307,0,0,6512.142857142857,6401.642857142857,6237.466666666666,1.0955283396967848,1.0880829015544042,2023,2023-07,2023-07-10/2023-07-16
2023-07-13,130.0,227.0,192.0,6604.0,226.0,True,6831.0,-34.0,2.2757897888905587,0,0,6573.571428571428,6441.642857142857,6261.0,1.113513080491806,1.1770833333333333,2023,2023-07,2023-07-10/2023-07-16
2023-07-14,0.0,227.0,0.0,6604.0,0.0,False,6831.0,0.0,0.0,0,0,6635.0,6481.642857142857,6283.3,1.113513080491806,,2023,2023-07,2023-07-10/2023-07-16
2023-07-15,0.0,227.0,0.0,6604.0,0.0,False,6831.0,0.0,0.0,0,0,6696.428571428572,6521.642857142857,6307.233333333334,1.113513080491806,,2023,2023-07,2023-07-10/2023-07-16
2023-07-16,88.0,214.0,160.0,6468.0,218.0,True,6682.0,-58.0,-2.1812326160152273,0,0,6736.142857142857,6556.928571428572,6326.2,1.5193002850656776,1.3625,2023,2023-07,2023-07-10/2023-07-16
2023-07-17,113.0,208.0,159.0,6632.0,160.0,True,6840.0,-1.0,2.3645615085303717,0,0,6772.571428571428,6603.5,6350.433333333333,1.5948805990989654,1.0062893081761006,2023,2023-07,2023-07-17/2023-07-23
2023-07-18,174.0,285.0,150.0,6874.0,181.0,True,7159.0,-31.0,4.66374269005847,0,0,6836.142857142857,6654.785714285715,6385.3,1.871005086876602,1.2066666666666668,2023,2023-07,2023-07-17/2023-07-23
2023-07-19,104.0,230.0,206.0,7001.0,226.0,True,7231.0,-20.0,1.005727056851513,0,0,6915.0,6713.571428571428,6435.333333333333,1.8937978485850622,1.0970873786407767,2023,2023-07,2023-07-17/2023-07-23
2023-07-20,147.0,276.0,214.0,7116.0,281.0,True,7392.0,-67.0,2.2265246853823806,0,0,6995.142857142857,6784.357142857143,6483.166666666667,1.9066497536874234,1.3130841121495327,2023,2023-07,2023-07-17/2023-07-23
2023-07-21,0.0,276.0,0.0,7116.0,0.0,False,7392.0,0.0,0.0,0,0,7075.285714285715,6855.142857142857,6525.633333333333,1.9066497536874234,,2023,2023-07,2023-07-17/2023-07-23
2023-07-22,0.0,276.0,0.0,7116.0,0.0,False,7392.0,0.0,0.0,0,0,7155.428571428572,6925.928571428572,6565.7,1.9066497536874234,,2023,2023-07,2023-07-17/2023-07-23
2023-07-23,108.0,220.0,213.0,7052.0,276.0,True,7272.0,-63.0,-1.6233766233766267,0,0,7239.714285714285,6987.928571428572,6601.766666666666,1.6157403556033085,1.295774647887324,2023,2023-07,2023-07-17/2023-07-23
2023-07-24,180.0,280.0,146.0,7220.0,187.0,True,7500.0,-41.0,3.1353135313531455,0,0,7334.0,7053.285714285715,6645.433333333333,1.5963970220612826,1.2808219178082192,2023,2023-07,2023-07-24/2023-07-30
2023-07-25,134.0,294.0,186.0,7510.0,136.0,True,7804.0,50.0,4.053333333333331,1,1,7426.142857142857,7131.142857142857,6706.6,1.692342568752202,0.7311827956989247,2023,2023-07,2023-07-24/2023-07-30
2023-07-26,202.0,313.0,158.0,7647.0,215.0,True,7960.0,-57.0,1.9989748846745314,0,0,7530.285714285715,7222.642857142857,6769.333333333333,1.691072054200142,1.360759493670886,2023,2023-07,2023-07-24/2023-07-30
2023-07-27,110.0,272.0,193.0,7754.0,259.0,True,8026.0,-66.0,0.8291457286432102,0,0,7620.857142857143,7308.0,6832.133333333333,1.6848864715034635,1.3419689119170986,2023,2023-07,2023-07-24/2023-07-30
2023-07-28,0.0,272.0,0.0,7754.0,0.0,False,8026.0,0.0,0.0,0,0,7711.428571428572,7393.357142857143,6893.066666666667,1.6848864715034635,,2023,2023-07,2023-07-24/2023-07-30
2023-07-29,0.0,272.0,0.0,7754.0,0.0,False,8026.0,0.0,0.0,0,0,7802.0,7478.714285714285,6951.566666666667,1.6848864715034635,,2023,2023-07,2023-07-24/2023-07-30
2023-07-30,166.0,277.0,229.0,7671.0,305.0,True,7948.0,-76.0,-0.9718415150759996,0,0,7898.571428571428,7569.142857142857,7007.466666666666,1.7220163810670681,1.331877729257642,2023,2023-07,2023-07-24/2023-07-30
2023-07-31,136.0,276.0,178.0,7800.0,220.0,True,8076.0,-42.0,1.610468042274782,0,0,7980.857142857143,7657.428571428572,7067.633333333333,1.6626531399451214,1.2359550561797752,2023,2023-07,2023-07-31/2023-08-06
2023-08-01,87.0,246.0,173.0,8103.0,168.0,True,8349.0,5.0,3.3803863298662806,1,1,8058.714285714285,7742.428571428572,7139.666666666667,1.6246599146309302,0.9710982658959537,2023,2023-08,2023-07-31/2023-08-06
2023-08-02,84.0,171.0,157.0,8261.0,271.0,True,8432.0,-114.0,0.9941310336567311,0,0,8126.142857142857,7828.214285714285,7214.466666666666,1.6346240827361909,1.7261146496815287,2023,2023-08,2023-07-31/2023-08-06
2023-08-03,167.0,209.0,157.0,8294.0,339.0,True,8503.0,-182.0,0.8420303605312984,0,0,8194.285714285714,7907.571428571428,7283.2,1.6498384243754636,2.159235668789809,2023,2023-08,2023-07-31/2023-08-06
2023-08-04,0.0,209.0,0.0,8294.0,0.0,False,8503.0,0.0,0.0,0,0,8262.42857142857,7986.928571428572,7353.033333333334,1.6498384243754636,,2023,2023-08,2023-07-31/2023-08-06
2023-08-05,0.0,209.0,0.0,8294.0,0.0,False,8503.0,0.0,0.0,0,0,8330.57142857143,8066.285714285715,7423.1,1.6498384243754636,,2023,2023-08,2023-07-31/2023-08-06
2023-08-06,109.0,245.0,159.0,8298.0,322.0,True,8543.0,-163.0,0.4704222039280337,0,0,8415.57142857143,8157.071428571428,7494.5,1.4618342101985327,2.0251572327044025,2023,2023-08,2023-07-31/2023-08-06
2023-08-07,156.0,256.0,176.0,8493.0,202.0,True,8749.0,-26.0,2.4113309141987616,0,0,8511.714285714286,8246.285714285714,7572.766666666666,1.5237919239394784,1.1477272727272727,2023,2023-08,2023-08-07/2023-08-13
2023-08-08,125.0,232.0,192.0,8725.0,207.0,True,8957.0,-15.0,2.3774145616641817,0,0,8598.57142857143,8328.642857142857,7657.866666666667,1.2218195099659375,1.078125,2023,2023-08,2023-08-07/2023-08-13
2023-08-09,118.0,139.0,168.0,8888.0,251.0,True,9027.0,-83.0,0.7815116668527411,0,0,8683.57142857143,8404.857142857143,7739.266666666666,1.2123497707892914,1.494047619047619,2023,2023-08,2023-08-07/2023-08-13
2023-08-10,142.0,235.0,139.0,8914.0,353.0,True,9149.0,-214.0,1.3515010523983628,0,0,8775.857142857143,8485.07142857143,7820.433333333333,1.2226432514869994,2.539568345323741,2023,2023-08,2023-08-07/2023-08-13
2023-08-11,0.0,235.0,0.0,8914.0,0.0,False,9149.0,0.0,0.0,0,0,8868.142857142857,8565.285714285714,7902.766666666666,1.2226432514869994,,2023,2023-08,2023-08-07/2023-08-13
2023-08-12,0.0,235.0,0.0,8914.0,0.0,False,9149.0,0.0,0.0,0,0,8960.42857142857,8645.5,7980.033333333334,1.2226432514869994,,2023,2023-08,2023-08-07/2023-08-13
2023-08-13,0.0,235.0,0.0,8914.0,0.0,False,9149.0,0.0,0.0,0,0,9047.0,8731.285714285714,8057.3,1.2292911350575393,,2023,2023-08,2023-08-07/2023-08-13
2023-08-14,0.0,235.0,0.0,8914.0,0.0,False,9149.0,0.0,0.0,0,0,9104.142857142857,8807.92857142857,8134.566666666667,1.1268208399076904,,2023,2023-08,2023-08-14/2023-08-20
2023-08-15,0.0,235.0,0.0,8914.0,0.0,False,9149.0,0.0,0.0,0,0,9131.57142857143,8865.07142857143,8216.8,0.6962715109943676,,2023,2023-08,2023-08-14/2023-08-20
2023-08-16,148.0,245.0,175.0,9634.0,288.0,True,9879.0,-113.0,7.979014099901627,0,0,9253.285714285714,8968.42857142857,8318.1,3.0364179505436386,1.6457142857142857,2023,2023-08,2023-08-14/2023-08-20
2023-08-17,119.0,219.0,210.0,9694.0,407.0,True,9913.0,-197.0,0.34416438910820357,0,0,9362.42857142857,9069.142857142857,8409.9,3.0225801084765243,1.938095238095238,2023,2023-08,2023-08-14/2023-08-20
2023-08-18,0.0,219.0,0.0,9694.0,0.0,False,9913.0,0.0,0.0,0,0,9471.57142857143,9169.857142857143,8499.3,3.0225801084765243,,2023,2023-08,2023-08-14/2023-08-20
2023-08-19,0.0,219.0,0.0,9694.0,0.0,False,9913.0,0.0,0.0,0,0,9580.714285714286,9270.57142857143,8583.333333333334,3.0225801084765243,,2023,2023-08,2023-08-14/2023-08-20
2023-08-20,105.0,210.0,149.0,9483.0,390.0,True,9693.0,-241.0,-2.219307979420959,0,0,9658.42857142857,9352.714285714286,8660.033333333333,3.2733048727416856,2.61744966442953,2023,2023-08,2023-08-14/2023-08-20
2023-08-21,143.0,203.0,163.0,9668.0,281.0,True,9871.0,-118.0,1.8363767667388897,0,0,9761.57142857143,9432.857142857143,8742.666666666666,3.263772255724514,1.7239263803680982,2023,2023-08,2023-08-21/2023-08-27
2023-08-22,119.0,209.0,152.0,9921.0,230.0,True,10130.0,-78.0,2.623847634484844,0,0,9901.714285714286,9516.642857142857,8837.933333333332,3.2518458850366567,1.513157894736842,2023,2023-08,2023-08-21/2023-08-27
2023-08-23,155.0,212.0,181.0,10071.0,285.0,True,10283.0,-104.0,1.5103652517275412,0,0,9959.42857142857,9606.357142857143,8930.7,1.588455729475408,1.574585635359116,2023,2023-08,2023-08-21/2023-08-27
2023-08-24,109.0,214.0,173.0,10026.0,443.0,True,10240.0,-270.0,-0.41816590489156535,0,0,10006.142857142857,9684.285714285714,9011.9,1.6416772735245315,2.560693641618497,2023,2023-08,2023-08-21/2023-08-27
2023-08-25,0.0,214.0,0.0,10026.0,0.0,False,10240.0,0.0,0.0,0,0,10052.857142857143,9762.214285714286,9087.9,1.6416772735245315,,2023,2023-08,2023-08-21/2023-08-27
2023-08-26,0.0,214.0,0.0,10026.0,0.0,False,10240.0,0.0,0.0,0,0,10099.57142857143,9840.142857142857,9161.7,1.6416772735245315,,2023,2023-08,2023-08-21/2023-08-27
2023-08-27,191.0,283.0,192.0,9873.0,488.0,True,10156.0,-296.0,-0.8203124999999978,0,0,10165.714285714286,9912.07142857143,9232.7,1.4752904474493544,2.5416666666666665,2023,2023-08,2023-08-21/2023-08-27
2023-08-28,170.0,297.0,196.0,10012.0,388.0,True,10309.0,-192.0,1.5064986215045373,0,0,10228.285714285714,9994.92857142857,9308.8,1.4041704177867158,1.9795918367346939,2023,2023-08,2023-08-28/2023-09-03
2023-08-29,152.0,272.0,214.0,10180.0,286.0,True,10452.0,-72.0,1.387137452711218,0,0,10274.285714285714,10088.0,9392.266666666666,1.1991546800027988,1.3364485981308412,2023,2023-08,2023-08-28/2023-09-03
2023-08-30,239.0,367.0,224.0,10280.0,366.0,True,10647.0,-142.0,1.8656716417910557,0,0,10326.285714285714,10142.857142857143,9477.966666666667,1.1301876908802804,1.6339285714285714,2023,2023-08,2023-08-28/2023-09-03
2023-08-31,113.0,280.0,237.0,10140.0,505.0,True,10420.0,-268.0,-2.1320559782098236,0,0,10352.0,10179.07142857143,9547.0,1.2745693316330637,2.130801687763713,2023,2023-08,2023-08-28/2023-09-03
2023-09-01,0.0,280.0,0.0,10140.0,0.0,False,10420.0,0.0,0.0,0,0,10377.714285714286,10215.285714285714,9613.266666666666,1.2745693316330637,,2023,2023-09,2023-08-28/2023-09-03
2023-09-02,0.0,280.0,0.0,10140.0,0.0,False,10420.0,0.0,0.0,0,0,10403.42857142857,10251.5,9677.166666666666,1.2745693316330637,,2023,2023-09,2023-08-28/2023-09-03
2023-09-03,0.0,280.0,0.0,10140.0,0.0,False,10420.0,0.0,0.0,0,0,10441.142857142857,10303.42857142857,9741.066666666668,1.046509286575761,,2023,2023-09,2023-08-28/2023-09-03
2023-09-04,196.0,306.0,187.0,9988.0,293.0,True,10294.0,-106.0,-1.2092130518234212,0,0,10439.0,10333.642857142857,9800.766666666666,1.145757852626261,1.5668449197860963,2023,2023-09,2023-09-04/2023-09-10
2023-09-05,236.0,330.0,222.0,10142.0,243.0,True,10472.0,-21.0,1.7291626190013565,0,0,10441.857142857143,10358.07142857143,9865.066666666668,1.1126380664627626,1.0945945945945945,2023,2023-09,2023-09-04/2023-09-10
2023-09-06,81.0,230.0,242.0,10356.0,291.0,True,10586.0,-49.0,1.0886172650878434,0,0,10433.142857142857,10379.714285714286,9926.3,1.3442409170544292,1.2024793388429753,2023,2023-09,2023-09-04/2023-09-10
2023-09-07,118.0,245.0,160.0,10419.0,398.0,True,10664.0,-238.0,0.7368222180238027,0,0,10468.0,10410.0,9983.2,1.1802185836263521,2.4875,2023,2023-09,2023-09-04/2023-09-10
2023-09-08,0.0,245.0,0.0,10419.0,0.0,False,10664.0,0.0,0.0,0,0,10502.857142857143,10440.285714285714,10037.766666666666,1.1802185836263521,,2023,2023-09,2023-09-04/2023-09-10
2023-09-09,0.0,245.0,0.0,10419.0,0.0,False,10664.0,0.0,0.0,0,0,10537.714285714286,10470.57142857143,10088.266666666666,1.1802185836263521,,2023,2023-09,2023-09-04/2023-09-10
2023-09-10,218.0,283.0,208.0,10282.0,382.0,True,10565.0,-174.0,-0.9283570892723136,0,0,10558.42857142857,10499.785714285714,10135.466666666667,1.3464044228391265,1.8365384615384615,2023,2023-09,2023-09-04/2023-09-10
2023-09-11,132.0,243.0,183.0,10492.0,277.0,True,10735.0,-94.0,1.6090866067203002,0,0,10621.42857142857,10530.214285714286,10188.333333333334,1.2613558859890575,1.5136612021857923,2023,2023-09,2023-09-11/2023-09-17
2023-09-12,224.0,315.0,152.0,10649.0,316.0,True,10964.0,-164.0,2.133209129017244,0,0,10691.714285714286,10566.785714285714,10248.833333333334,1.256480723709137,2.0789473684210527,2023,2023-09,2023-09-11/2023-09-17
2023-09-13,167.0,326.0,213.0,10678.0,343.0,True,11004.0,-130.0,0.36483035388543694,0,0,10751.42857142857,10592.285714285714,10310.666666666666,1.0959695202664446,1.6103286384976525,2023,2023-09,2023-09-11/2023-09-17
2023-09-14,209.0,353.0,232.0,10837.0,414.0,True,11190.0,-182.0,1.6902944383860419,0,0,10826.57142857143,10647.285714285714,10378.7,1.1663379785572587,1.7844827586206897,2023,2023-09,2023-09-11/2023-09-17
2023-09-15,0.0,353.0,0.0,10837.0,0.0,False,11190.0,0.0,0.0,0,0,10901.714285714286,10702.285714285714,10422.4,1.1663379785572587,,2023,2023-09,2023-09-11/2023-09-17
2023-09-16,0.0,353.0,0.0,10837.0,0.0,False,11190.0,0.0,0.0,0,0,10976.857142857143,10757.285714285714,10464.966666666667,1.1663379785572587,,2023,2023-09,2023-09-11/2023-09-17
2023-09-17,153.0,253.0,286.0,10799.0,427.0,True,11052.0,-141.0,-1.2332439678284235,0,0,11046.42857142857,10802.42857142857,10502.933333333332,0.94209673045929,1.493006993006993,2023,2023-09,2023-09-11/2023-09-17
2023-09-18,180.0,337.0,219.0,10892.0,313.0,True,11229.0,-94.0,1.601520086862096,0,0,11117.0,10869.214285714286,10546.8,0.7490653479465214,1.4292237442922375,2023,2023-09,2023-09-18/2023-09-24
2023-09-19,133.0,287.0,189.0,11095.0,260.0,True,11382.0,-71.0,1.362543414373496,0,0,11176.714285714286,10934.214285714286,10603.1,0.8352849281895341,1.3756613756613756,2023,2023-09,2023-09-18/2023-09-24
2023-09-20,187.0,310.0,247.0,11064.0,364.0,True,11374.0,-117.0,-0.07028641714988959,0,0,11229.57142857143,10990.5,10653.2,0.8942930050804229,1.4736842105263157,2023,2023-09,2023-09-18/2023-09-24
2023-09-21,168.0,285.0,210.0,11067.0,428.0,True,11352.0,-218.0,-0.19342359767892114,0,0,11252.714285714286,11039.642857142857,10693.933333333332,0.7930650258060713,2.038095238095238,2023,2023-09,2023-09-18/2023-09-24
2023-09-22,0.0,285.0,0.0,11067.0,0.0,False,11352.0,0.0,0.0,0,0,11275.857142857143,11088.785714285714,10729.566666666668,0.7930650258060713,,2023,2023-09,2023-09-18/2023-09-24
2023-09-23,0.0,285.0,0.0,11067.0,0.0,False,11352.0,0.0,0.0,0,0,11299.0,11137.92857142857,10766.633333333333,0.7930650258060713,,2023,2023-09,2023-09-18/2023-09-24
2023-09-24,269.0,412.0,204.0,10744.0,403.0,True,11156.0,-199.0,-1.7265680056377741,0,0,11313.857142857143,11180.142857142857,10797.166666666666,1.459667142516226,1.9754901960784315,2023,2023-09,2023-09-18/2023-09-24
2023-09-25,100.0,255.0,236.0,10842.0,284.0,True,11097.0,-48.0,-0.5288633918967389,0,0,11295.0,11206.0,10825.733333333334,1.4651640107620418,1.2033898305084745,2023,2023-09,2023-09-25/2023-10-01
2023-09-26,205.0,294.0,177.0,10978.0,332.0,True,11272.0,-155.0,1.5770027935477993,0,0,11279.285714285714,11228.0,10862.933333333332,1.3452578407886768,1.8757062146892656,2023,2023-09,2023-09-25/2023-10-01
2023-09-27,161.0,304.0,211.0,11017.0,331.0,True,11321.0,-120.0,0.434705464868701,0,0,11271.714285714286,11250.642857142857,10896.666666666666,1.3559149160968602,1.5687203791469195,2023,2023-09,2023-09-25/2023-10-01
2023-09-28,57.0,162.0,193.0,10984.0,447.0,True,11146.0,-254.0,-1.545799841003448,0,0,11242.285714285714,11247.5,10919.8,1.3583244666714767,2.316062176165803,2023,2023-09,2023-09-25/2023-10-01
2023-09-29,0.0,162.0,0.0,10984.0,0.0,False,11146.0,0.0,0.0,0,0,11212.857142857143,11244.357142857143,10936.433333333332,1.3583244666714767,,2023,2023-09,2023-09-25/2023-10-01
2023-09-30,0.0,162.0,0.0,10984.0,0.0,False,11146.0,0.0,0.0,0,0,11183.42857142857,11241.214285714286,10960.633333333333,1.3583244666714767,,2023,2023-09,2023-09-25/2023-10-01
2023-10-01,80.0,122.0,152.0,10598.0,493.0,True,10720.0,-341.0,-3.8219989233805873,0,0,11121.142857142857,11217.5,10970.633333333333,1.5669801454516685,3.2434210526315788,2023,2023-10,2023-09-25/2023-10-01
2023-10-02,107.0,170.0,133.0,10724.0,284.0,True,10894.0,-151.0,1.6231343283582111,0,0,11092.142857142857,11193.57142857143,10986.433333333332,1.6023565603692045,2.1353383458646618,2023,2023-10,2023-10-02/2023-10-08
2023-10-03,99.0,156.0,139.0,10818.0,287.0,True,10974.0,-148.0,0.7343491830365423,0,0,11049.57142857143,11164.42857142857,11004.9,1.5529614955940745,2.064748201438849,2023,2023-10,2023-10-02/2023-10-08
2023-10-04,25.0,66.0,94.0,10963.0,330.0,True,11029.0,-236.0,0.5011846181884438,0,0,11007.857142857143,11139.785714285714,11029.4,1.6529741395470536,3.5106382978723403,2023,2023-10,2023-10-02/2023-10-08
2023-10-05,35.0,70.0,53.0,11130.0,427.0,True,11200.0,-374.0,1.5504578837610028,0,0,11015.57142857143,11128.92857142857,11053.666666666666,1.7494026985037912,8.056603773584905,2023,2023-10,2023-10-02/2023-10-08
2023-10-06,0.0,70.0,0.0,11130.0,0.0,False,11200.0,0.0,0.0,0,0,11023.285714285714,11118.07142857143,11074.133333333333,1.7494026985037912,,2023,2023-10,2023-10-02/2023-10-08
2023-10-07,0.0,70.0,0.0,11130.0,0.0,False,11200.0,0.0,0.0,0,0,11031.0,11107.214285714286,11092.0,1.7494026985037912,,2023,2023-10,2023-10-02/2023-10-08
2023-10-08,0.0,70.0,0.0,11130.0,0.0,False,11200.0,0.0,0.0,0,0,11099.57142857143,11110.357142857143,11109.866666666667,0.686532711319036,,2023,2023-10,2023-10-02/2023-10-08
2023-10-09,43.0,73.0,64.0,10815.0,282.0,True,10888.0,-218.0,-2.7857142857142803,0,0,11098.714285714286,11095.42857142857,11117.333333333334,1.45928096847097,4.40625,2023,2023-10,2023-10-09/2023-10-15
2023-10-10,41.0,60.0,71.0,10910.0,257.0,True,10970.0,-186.0,0.7531227038942045,0,0,11098.142857142857,11073.857142857143,11130.833333333334,1.4594406592316789,3.619718309859155,2023,2023-10,2023-10-09/2023-10-15
2023-10-11,65.0,83.0,65.0,10960.0,266.0,True,11043.0,-201.0,0.6654512306289773,0,0,11100.142857142857,11054.0,11141.1,1.3730707041034267,4.092307692307692,2023,2023-10,2023-10-09/2023-10-15
2023-10-12,38.0,80.0,82.0,10992.0,398.0,True,11072.0,-316.0,0.2626097980621189,0,0,11081.857142857143,11048.714285714286,11144.7,1.2159097694728571,4.853658536585366,2023,2023-10,2023-10-09/2023-10-15
2023-10-13,0.0,80.0,0.0,10992.0,0.0,False,11072.0,0.0,0.0,0,0,11063.57142857143,11043.42857142857,11146.966666666667,1.2159097694728571,,2023,2023-10,2023-10-09/2023-10-15
2023-10-14,0.0,80.0,0.0,10992.0,0.0,False,11072.0,0.0,0.0,0,0,11045.285714285714,11038.142857142857,11143.033333333333,1.2159097694728571,,2023,2023-10,2023-10-09/2023-10-15
2023-10-15,56.0,82.0,68.0,10571.0,434.0,True,10653.0,-366.0,-3.7843208092485536,0,0,10967.142857142857,11033.357142857143,11125.133333333333,1.8316443395662432,6.382352941176471,2023,2023-10,2023-10-09/2023-10-15
2023-10-16,74.0,103.0,80.0,10629.0,331.0,True,10732.0,-251.0,0.7415751431521622,0,0,10944.857142857143,11021.785714285714,11109.866666666667,1.6148819647802042,4.1375,2023,2023-10,2023-10-16/2023-10-22
2023-10-17,68.0,107.0,102.0,10630.0,315.0,True,10737.0,-213.0,0.04658963846440045,0,0,10911.57142857143,11004.857142857143,11099.366666666667,1.5468959107595877,3.088235294117647,2023,2023-10,2023-10-16/2023-10-22
2023-10-18,92.0,124.0,93.0,10511.0,393.0,True,10635.0,-300.0,-0.9499860296172113,0,0,10853.285714285714,10976.714285714286,11079.566666666668,1.5225045273577118,4.225806451612903,2023,2023-10,2023-10-16/2023-10-22
2023-10-19,113.0,162.0,107.0,10319.0,406.0,True,10481.0,-299.0,-1.4480488951574944,0,0,10768.857142857143,10925.357142857143,11049.533333333333,1.5295324452938206,3.794392523364486,2023,2023-10,2023-10-16/2023-10-22
2023-10-20,0.0,162.0,0.0,10319.0,0.0,False,10481.0,0.0,0.0,0,0,10684.42857142857,10874.0,11019.766666666666,1.5295324452938206,,2023,2023-10,2023-10-16/2023-10-22
2023-10-21,0.0,162.0,0.0,10319.0,0.0,False,10481.0,0.0,0.0,0,0,10600.0,10822.642857142857,10990.733333333334,1.5295324452938206,,2023,2023-10,2023-10-16/2023-10-22
2023-10-22,106.0,196.0,131.0,9506.0,454.0,True,9702.0,-323.0,-7.432496899150842,0,0,10464.142857142857,10715.642857142857,10935.733333333334,2.941273356546496,3.4656488549618323,2023,2023-10,2023-10-16/2023-10-22
2023-10-23,86.0,152.0,168.0,9436.0,327.0,True,9588.0,-159.0,-1.1750154607297447,0,0,10300.714285714286,10622.785714285714,10876.933333333332,2.832617868602477,1.9464285714285714,2023,2023-10,2023-10-23/2023-10-29
2023-10-24,84.0,118.0,136.0,9396.0,300.0,True,9514.0,-164.0,-0.7717980809345049,0,0,10126.0,10518.785714285714,10822.2,2.7947858093411755,2.2058823529411766,2023,2023-10,2023-10-23/2023-10-29
2023-10-25,59.0,64.0,117.0,9351.0,293.0,True,9415.0,-176.0,-1.0405717889426125,0,0,9951.714285714286,10402.5,10766.133333333333,2.827717912725395,2.5042735042735043,2023,2023-10,2023-10-23/2023-10-29
2023-10-26,62.0,97.0,52.0,9235.0,390.0,True,9332.0,-338.0,-0.8815719596388716,0,0,9787.57142857143,10278.214285714286,10701.466666666667,2.829278956964301,7.5,2023,2023-10,2023-10-23/2023-10-29
2023-10-27,0.0,97.0,0.0,9235.0,0.0,False,9332.0,0.0,0.0,0,0,9623.42857142857,10153.92857142857,10635.166666666666,2.829278956964301,,2023,2023-10,2023-10-23/2023-10-29
2023-10-28,0.0,97.0,0.0,9235.0,0.0,False,9332.0,0.0,0.0,0,0,9459.285714285714,10029.642857142857,10574.7,2.829278956964301,,2023,2023-10,2023-10-23/2023-10-29
2023-10-29,91.0,75.0,97.0,8925.0,418.0,True,9000.0,-321.0,-3.557651093013292,0,0,9359.0,9911.57142857143,10503.166666666666,1.1691841403559422,4.309278350515464,2023,2023-10,2023-10-23/2023-10-29
2023-10-30,29.0,51.0,11.0,9026.0,278.0,True,9077.0,-267.0,0.855555555555565,0,0,9286.0,9793.357142857143,10434.2,1.4006190183214655,25.272727272727273,2023,2023-10,2023-10-30/2023-11-05
2023-10-31,33.0,53.0,34.0,9072.0,295.0,True,9125.0,-261.0,0.5288090778891696,0,0,9230.42857142857,9678.214285714286,10381.033333333333,1.4657836641175295,8.676470588235293,2023,2023-10,2023-10-30/2023-11-05
2023-11-01,132.0,235.0,197.0,9250.0,279.0,True,9485.0,-82.0,3.945205479452052,0,0,9240.42857142857,9596.07142857143,10334.066666666668,1.7347400081188662,1.416243654822335,2023,2023-11,2023-10-30/2023-11-05
2023-11-02,174.0,208.0,256.0,9442.0,330.0,True,9650.0,-74.0,1.7395888244596813,0,0,9285.857142857143,9536.714285714286,10289.933333333332,1.8346763536431645,1.2890625,2023,2023-11,2023-10-30/2023-11-05
2023-11-03,0.0,208.0,0.0,9442.0,0.0,False,9650.0,0.0,0.0,0,0,9331.285714285714,9477.357142857143,10243.966666666667,1.8346763536431645,,2023,2023-11,2023-10-30/2023-11-05
2023-11-04,0.0,208.0,0.0,9442.0,0.0,False,9650.0,0.0,0.0,0,0,9376.714285714286,9418.0,10192.3,1.8346763536431645,,2023,2023-11,2023-10-30/2023-11-05
2023-11-05,123.0,230.0,167.0,9273.0,370.0,True,9503.0,-203.0,-1.523316062176161,0,0,9448.57142857143,9403.785714285714,10135.733333333334,1.3379962719996294,2.215568862275449,2023,2023-11,2023-10-30/2023-11-05
2023-11-06,123.0,233.0,159.0,9286.0,316.0,True,9519.0,-157.0,0.1683678838261704,0,0,9511.714285714286,9398.857142857143,10079.7,1.3191977348874357,1.9874213836477987,2023,2023-11,2023-11-06/2023-11-12
2023-11-07,141.0,232.0,188.0,9483.0,231.0,True,9715.0,-43.0,2.0590398151066225,0,0,9596.0,9413.214285714286,10030.2,1.4706575606796175,1.2287234042553192,2023,2023-11,2023-11-06/2023-11-12
2023-11-08,158.0,226.0,191.0,9634.0,310.0,True,9860.0,-119.0,1.4925373134328401,0,0,9649.57142857143,9445.0,9995.933333333332,1.421244329615724,1.6230366492146597,2023,2023-11,2023-11-06/2023-11-12
2023-11-09,0.0,226.0,0.0,9634.0,0.0,False,9860.0,0.0,0.0,0,0,9679.57142857143,9482.714285714286,9958.933333333332,1.2682531180757188,,2023,2023-11,2023-11-06/2023-11-12
2023-11-10,0.0,226.0,0.0,9634.0,0.0,False,9860.0,0.0,0.0,0,0,9709.57142857143,9520.42857142857,9919.5,1.2682531180757188,,2023,2023-11,2023-11-06/2023-11-12
2023-11-11,0.0,226.0,0.0,9634.0,0.0,False,9860.0,0.0,0.0,0,0,9739.57142857143,9558.142857142857,9879.1,1.2682531180757188,,2023,2023-11,2023-11-06/2023-11-12
2023-11-12,96.0,160.0,233.0,9477.0,313.0,True,9637.0,-80.0,-2.2616632860040564,0,0,9758.714285714286,9603.642857142857,9831.266666666666,1.2250662082988784,1.3433476394849786,2023,2023-11,2023-11-06/2023-11-12
2023-11-13,141.0,173.0,129.0,9510.0,287.0,True,9683.0,-158.0,0.4773269689737569,0,0,9782.142857142857,9646.92857142857,9784.966666666667,1.2225613179854078,2.2248062015503876,2023,2023-11,2023-11-13/2023-11-19
2023-11-14,116.0,181.0,182.0,9665.0,247.0,True,9846.0,-65.0,1.6833625942373143,0,0,9800.857142857143,9698.42857142857,9758.066666666668,1.1128691746489572,1.3571428571428572,2023,2023-11,2023-11-13/2023-11-19
2023-11-15,150.0,157.0,201.0,9762.0,316.0,True,9919.0,-115.0,0.7414178346536682,0,0,9809.285714285714,9729.42857142857,9730.966666666667,1.014852643208432,1.572139303482587,2023,2023-11,2023-11-13/2023-11-19
2023-11-16,80.0,176.0,125.0,9762.0,374.0,True,9938.0,-249.0,0.191551567698367,0,0,9820.42857142857,9750.0,9704.333333333334,1.014852643208432,2.992,2023,2023-11,2023-11-13/2023-11-19
2023-11-17,0.0,176.0,0.0,9762.0,0.0,False,9938.0,0.0,0.0,0,0,9831.57142857143,9770.57142857143,9681.1,1.014852643208432,,2023,2023-11,2023-11-13/2023-11-19
2023-11-18,0.0,176.0,0.0,9762.0,0.0,False,9938.0,0.0,0.0,0,0,9842.714285714286,9791.142857142857,9663.0,1.014852643208432,,2023,2023-11,2023-11-13/2023-11-19
2023-11-19,116.0,188.0,164.0,9573.0,435.0,True,9761.0,-271.0,-1.7810424632722865,0,0,9860.42857142857,9809.57142857143,9639.0,1.1088412875541702,2.652439024390244,2023,2023-11,2023-11-13/2023-11-19
2023-11-20,105.0,185.0,158.0,9638.0,298.0,True,9823.0,-140.0,0.635180821637138,0,0,9880.42857142857,9831.285714285714,9617.066666666668,1.1256481906854086,1.8860759493670887,2023,2023-11,2023-11-20/2023-11-26
2023-11-21,136.0,246.0,123.0,9804.0,250.0,True,10050.0,-127.0,2.310902982795482,0,0,9909.57142857143,9855.214285714286,9628.666666666666,1.1456397280927406,2.032520325203252,2023,2023-11,2023-11-20/2023-11-26
2023-11-22,0.0,246.0,0.0,9804.0,0.0,False,10050.0,0.0,0.0,0,0,9928.285714285714,9868.785714285714,9644.066666666668,1.0912526467750931,,2023,2023-11,2023-11-20/2023-11-26
2023-11-23,128.0,228.0,177.0,9838.0,283.0,True,10066.0,-106.0,0.1592039800994982,0,0,9946.57142857143,9883.5,9662.466666666667,1.0955957723520522,1.5988700564971752,2023,2023-11,2023-11-20/2023-11-26
2023-11-24,0.0,228.0,0.0,9838.0,0.0,False,10066.0,0.0,0.0,0,0,9964.857142857143,9898.214285714286,9684.166666666666,1.0955957723520522,,2023,2023-11,2023-11-20/2023-11-26
2023-11-25,0.0,228.0,0.0,9838.0,0.0,False,10066.0,0.0,0.0,0,0,9983.142857142857,9912.92857142857,9708.633333333333,1.0955957723520522,,2023,2023-11,2023-11-20/2023-11-26
2023-11-26,90.0,196.0,205.0,9845.0,312.0,True,10041.0,-107.0,-0.24836081859725967,0,0,10023.142857142857,9941.785714285714,9732.266666666666,0.6347390535119107,1.5219512195121951,2023,2023-11,2023-11-20/2023-11-26
2023-11-27,56.0,82.0,68.0,10123.0,214.0,True,10205.0,-146.0,1.6333034558311033,0,0,10077.714285714286,9979.07142857143,9761.366666666667,1.1213982786031573,3.1470588235294117,2023,2023-11,2023-11-27/2023-12-03
2023-11-28,74.0,103.0,80.0,10223.0,223.0,True,10326.0,-143.0,1.185693287604117,0,0,10117.142857142857,10013.357142857143,9805.566666666668,1.0423722453155078,2.7875,2023,2023-11,2023-11-27/2023-12-03
2023-11-29,68.0,107.0,102.0,10398.0,284.0,True,10505.0,-182.0,1.73348828200659,0,0,10182.142857142857,10055.214285714286,9853.166666666666,1.0772120145583404,2.784313725490196,2023,2023-11,2023-11-27/2023-12-03
2023-11-30,92.0,124.0,93.0,10536.0,320.0,True,10660.0,-227.0,1.47548786292242,0,0,10267.0,10106.785714285714,9904.333333333334,1.0647303517544335,3.4408602150537635,2023,2023-11,2023-11-27/2023-12-03
2023-12-01,0.0,124.0,0.0,10536.0,0.0,False,10660.0,0.0,0.0,0,0,10351.857142857143,10158.357142857143,9943.5,1.0647303517544335,,2023,2023-12,2023-11-27/2023-12-03
2023-12-02,0.0,124.0,0.0,10536.0,0.0,False,10660.0,0.0,0.0,0,0,10436.714285714286,10209.92857142857,9977.166666666666,1.0647303517544335,,2023,2023-12,2023-11-27/2023-12-03
2023-12-03,132.0,235.0,197.0,10579.0,417.0,True,10814.0,-220.0,1.4446529080675452,0,0,10547.142857142857,10285.142857142857,10015.966666666667,1.0231302808904703,2.116751269035533,2023,2023-12,2023-11-27/2023-12-03
2023-12-04,174.0,208.0,256.0,10635.0,273.0,True,10843.0,-17.0,0.2681708895875712,0,0,10638.285714285714,10358.0,10055.733333333334,0.6574855731406014,1.06640625,2023,2023-12,2023-12-04/2023-12-10
2023-12-05,123.0,230.0,167.0,10761.0,261.0,True,10991.0,-94.0,1.364935903347786,0,0,10733.285714285714,10425.214285714286,10105.333333333334,0.6753649457181192,1.562874251497006,2023,2023-12,2023-12-04/2023-12-10
2023-12-06,123.0,233.0,159.0,10832.0,376.0,True,11065.0,-217.0,0.6732781366572738,0,0,10813.285714285714,10497.714285714286,10156.866666666667,0.5220066895097593,2.3647798742138364,2023,2023-12,2023-12-04/2023-12-10
2023-12-07,141.0,232.0,188.0,10897.0,466.0,True,11129.0,-278.0,0.5784003615002309,0,0,10880.285714285714,10573.642857142857,10204.0,0.41064397347709586,2.478723404255319,2023,2023-12,2023-12-04/2023-12-10
2023-12-08,0.0,232.0,0.0,10897.0,0.0,False,11129.0,0.0,0.0,0,0,10947.285714285714,10649.57142857143,10246.3,0.41064397347709586,,2023,2023-12,2023-12-04/2023-12-10
2023-12-09,0.0,232.0,0.0,10897.0,0.0,False,11129.0,0.0,0.0,0,0,11014.285714285714,10725.5,10288.6,0.41064397347709586,,2023,2023-12,2023-12-04/2023-12-10
2023-12-10,158.0,226.0,191.0,10871.0,411.0,True,11097.0,-220.0,-0.2875370653248277,0,0,11054.714285714286,10800.92857142857,10329.833333333334,0.49452372744288614,2.1518324607329844,2023,2023-12,2023-12-04/2023-12-10
2023-12-11,96.0,160.0,233.0,10998.0,304.0,True,11158.0,-71.0,0.5496981166080994,0,0,11099.714285714286,10869.0,10373.1,0.5765233436488242,1.3047210300429184,2023,2023-12,2023-12-11/2023-12-17
2023-12-12,141.0,173.0,129.0,11077.0,259.0,True,11250.0,-130.0,0.8245205233912811,0,0,11136.714285714286,10935.0,10426.866666666667,0.5041810243225386,2.007751937984496,2023,2023-12,2023-12-11/2023-12-17
2023-12-13,116.0,181.0,182.0,11192.0,335.0,True,11373.0,-153.0,1.093333333333324,0,0,11180.714285714286,10997.0,10483.2,0.552701088342335,1.8406593406593406,2023,2023-12,2023-12-11/2023-12-17
2023-12-14,150.0,157.0,201.0,11242.0,396.0,True,11399.0,-195.0,0.2286116240218128,0,0,11219.285714285714,11049.785714285714,10534.966666666667,0.5496921075733217,1.9701492537313432,2023,2023-12,2023-12-11/2023-12-17
2023-12-15,0.0,157.0,0.0,11242.0,0.0,False,11399.0,0.0,0.0,0,0,11257.857142857143,11102.57142857143,10584.3,0.5496921075733217,,2023,2023-12,2023-12-11/2023-12-17
2023-12-16,0.0,157.0,0.0,11242.0,0.0,False,11399.0,0.0,0.0,0,0,11296.42857142857,11155.357142857143,10633.0,0.5496921075733217,,2023,2023-12,2023-12-11/2023-12-17
2023-12-17,80.0,176.0,125.0,11092.0,456.0,True,11268.0,-331.0,-1.149223616106676,0,0,11320.857142857143,11187.785714285714,10677.333333333334,0.8510391948568795,3.648,2023,2023-12,2023-12-11/2023-12-17
2023-12-18,116.0,188.0,164.0,11149.0,364.0,True,11337.0,-200.0,0.6123535676251235,0,0,11346.42857142857,11223.07142857143,10723.966666666667,0.7707780511544597,2.2195121951219514,2023,2023-12,2023-12-18/2023-12-24
2023-12-19,105.0,185.0,158.0,11291.0,272.0,True,11476.0,-114.0,1.2260739172620605,0,0,11378.714285714286,11257.714285714286,10781.133333333333,0.857063512247124,1.7215189873417722,2023,2023-12,2023-12-18/2023-12-24
2023-12-20,136.0,246.0,123.0,11516.0,390.0,True,11762.0,-267.0,2.492157546183349,0,0,11434.285714285714,11307.5,10845.766666666666,1.0521208706381775,3.1707317073170733,2023,2023-12,2023-12-18/2023-12-24
2023-12-21,128.0,228.0,177.0,11375.0,497.0,True,11603.0,-320.0,-1.3518109165107983,0,0,11463.42857142857,11341.357142857143,10897.533333333333,1.2195295605052043,2.8079096045197742,2023,2023-12,2023-12-18/2023-12-24
2023-12-22,0.0,228.0,0.0,11375.0,0.0,False,11603.0,0.0,0.0,0,0,11492.57142857143,11375.214285714286,10949.3,1.2195295605052043,,2023,2023-12,2023-12-18/2023-12-24
2023-12-23,0.0,228.0,0.0,11375.0,0.0,False,11603.0,0.0,0.0,0,0,11521.714285714286,11409.07142857143,11000.533333333333,1.2195295605052043,,2023,2023-12,2023-12-18/2023-12-24
2023-12-24,0.0,228.0,0.0,11375.0,0.0,False,11603.0,0.0,0.0,0,0,11569.57142857143,11445.214285714286,11051.766666666666,1.0346632269183973,,2023,2023-12,2023-12-18/2023-12-24
2023-12-25,90.0,196.0,205.0,11144.0,347.0,True,11340.0,-142.0,-2.266655175385679,0,0,11570.0,11458.214285714286,11094.233333333334,1.3672554788223805,1.6926829268292682,2023,2023-12,2023-12-25/2023-12-31
2023-12-26,56.0,82.0,68.0,11217.0,288.0,True,11299.0,-220.0,-0.36155202821869237,0,0,11544.714285714286,11461.714285714286,11136.166666666666,1.2890920278533489,4.235294117647059,2023,2023-12,2023-12-25/2023-12-31
2023-12-27,74.0,103.0,80.0,11206.0,335.0,True,11309.0,-255.0,0.08850340738117968,0,0,11480.0,11457.142857142857,11172.966666666667,0.9148636427242103,4.1875,2023,2023-12,2023-12-25/2023-12-31
2023-12-28,68.0,107.0,102.0,11230.0,357.0,True,11337.0,-255.0,0.2475904147139385,0,0,11442.0,11452.714285714286,11206.666666666666,0.8545912924859584,3.5,2023,2023-12,2023-12-25/2023-12-31
2023-12-29,0.0,107.0,0.0,11230.0,0.0,False,11337.0,0.0,0.0,0,0,11404.0,11448.285714285714,11234.4,0.8545912924859584,,2023,2023-12,2023-12-25/2023-12-31
2023-12-30,0.0,107.0,0.0,11230.0,0.0,False,11337.0,0.0,0.0,0,0,11366.0,11443.857142857143,11256.966666666667,0.8545912924859584,,2023,2023-12,2023-12-25/2023-12-31
2023-12-31,0.0,107.0,0.0,11230.0,0.0,False,11337.0,0.0,0.0,0,0,11328.0,11448.785714285714,11279.533333333333,0.8545912924859584,,2023,2023-12,2023-12-25/2023-12-31
2024-01-01,92.0,124.0,93.0,10870.0,290.0,True,10994.0,-197.0,-3.0254917526682523,0,0,11278.57142857143,11424.285714285714,11290.666666666666,1.2854564876108783,3.118279569892473,2024,2024-01,2024-01-01/2024-01-07
2024-01-02,113.0,162.0,107.0,10770.0,316.0,True,10932.0,-209.0,-0.5639439694378745,0,0,11226.142857142857,11385.42857142857,11294.6,1.2166672572523791,2.953271028037383,2024,2024-01,2024-01-01/2024-01-07
2024-01-03,106.0,196.0,131.0,10718.0,263.0,True,10914.0,-132.0,-0.16465422612513825,0,0,11169.714285714286,11324.857142857143,11296.966666666667,1.2002260041125443,2.0076335877862594,2024,2024-01,2024-01-01/2024-01-07
2024-01-04,86.0,152.0,168.0,10558.0,362.0,True,10710.0,-194.0,-1.869158878504673,0,0,11080.142857142857,11261.07142857143,11287.6,1.1737741008241902,2.1547619047619047,2024,2024-01,2024-01-01/2024-01-07
2024-01-05,0.0,152.0,0.0,10558.0,0.0,False,10710.0,0.0,0.0,0,0,10990.57142857143,11197.285714285714,11275.766666666666,1.1737741008241902,,2024,2024-01,2024-01-01/2024-01-07
2024-01-06,0.0,152.0,0.0,10558.0,0.0,False,10710.0,0.0,0.0,0,0,10901.0,11133.5,11261.8,1.1737741008241902,,2024,2024-01,2024-01-01/2024-01-07
2024-01-07,84.0,118.0,136.0,9670.0,367.0,True,9788.0,-231.0,-8.608776844070965,0,0,10679.714285714286,11003.857142857143,11217.1,3.0066224941221042,2.698529411764706,2024,2024-01,2024-01-01/2024-01-07
2024-01-08,59.0,64.0,117.0,9670.0,367.0,True,9734.0,-250.0,-0.5516959542296695,0,0,10499.714285714286,10889.142857142857,11170.6,3.0492027456083837,3.1367521367521367,2024,2024-01,2024-01-08/2024-01-14
2024-01-09,62.0,97.0,52.0,9311.0,286.0,True,9408.0,-234.0,-3.3490856790630796,0,0,10282.0,10754.07142857143,11114.3,3.1248262681747256,5.5,2024,2024-01,2024-01-08/2024-01-14
2024-01-10,91.0,75.0,97.0,9144.0,349.0,True,9219.0,-252.0,-2.00892857142857,0,0,10039.857142857143,10604.785714285714,11049.666666666666,3.0562930899965,3.597938144329897,2024,2024-01,2024-01-08/2024-01-14
2024-01-11,29.0,51.0,11.0,8829.0,476.0,True,8880.0,-465.0,-3.6771884152294154,0,0,9778.42857142857,10429.285714285714,10970.666666666666,3.069893360705206,43.27272727272727,2024,2024-01,2024-01-08/2024-01-14
2024-01-12,0.0,51.0,0.0,8829.0,0.0,False,8880.0,0.0,0.0,0,0,9517.0,10253.785714285714,10887.566666666668,3.069893360705206,,2024,2024-01,2024-01-08/2024-01-14
2024-01-13,0.0,51.0,0.0,8829.0,0.0,False,8880.0,0.0,0.0,0,0,9255.57142857143,10078.285714285714,10803.6,3.069893360705206,,2024,2024-01,2024-01-08/2024-01-14
2024-01-14,0.0,51.0,0.0,8829.0,0.0,False,8880.0,0.0,0.0,0,0,9125.857142857143,9902.785714285714,10719.633333333333,1.7039749083167022,,2024,2024-01,2024-01-08/2024-01-14
2024-01-15,33.0,53.0,34.0,8033.0,234.0,True,8086.0,-200.0,-8.941441441441444,0,0,8890.42857142857,9695.07142857143,10609.2,3.2669001304515897,6.882352941176471,2024,2024-01,2024-01-15/2024-01-21
2024-01-16,32.0,49.0,39.0,8133.0,188.0,True,8182.0,-149.0,1.187237200098945,0,0,8715.285714285714,9498.642857142857,10506.333333333334,3.5057072190567764,4.82051282051282,2024,2024-01,2024-01-15/2024-01-21
2024-01-17,80.0,176.0,125.0,8072.0,353.0,True,8248.0,-228.0,0.8066487411390932,0,0,8576.57142857143,9308.214285714286,10403.366666666667,3.531023683835097,2.824,2024,2024-01,2024-01-15/2024-01-21
2024-01-18,116.0,188.0,164.0,8042.0,359.0,True,8230.0,-195.0,-0.21823472356935492,0,0,8483.714285714286,9131.07142857143,10295.166666666666,3.4698025822819223,2.1890243902439024,2024,2024-01,2024-01-15/2024-01-21
2024-01-19,0.0,188.0,0.0,8042.0,0.0,False,8230.0,0.0,0.0,0,0,8390.857142857143,8953.92857142857,10177.433333333332,3.4698025822819223,,2024,2024-01,2024-01-15/2024-01-21
2024-01-20,0.0,188.0,0.0,8042.0,0.0,False,8230.0,0.0,0.0,0,0,8298.0,8776.785714285714,10065.0,3.4698025822819223,,2024,2024-01,2024-01-15/2024-01-21
2024-01-21,105.0,185.0,158.0,7974.0,371.0,True,8159.0,-213.0,-0.8626974483596617,0,0,8195.0,8660.42857142857,9950.2,3.432726560339125,2.348101265822785,2024,2024-01,2024-01-15/2024-01-21
2024-01-22,136.0,246.0,123.0,8008.0,222.0,True,8254.0,-99.0,1.164358377252106,0,0,8219.0,8554.714285714286,9838.566666666668,0.7227982639572711,1.8048780487804879,2024,2024-01,2024-01-22/2024-01-28
2024-01-23,128.0,228.0,177.0,8133.0,202.0,True,8361.0,-25.0,1.296341167918591,0,0,8244.57142857143,8479.92857142857,9730.5,0.8199516931455576,1.1412429378531073,2024,2024-01,2024-01-22/2024-01-28
2024-01-24,90.0,196.0,205.0,8212.0,243.0,True,8408.0,-38.0,0.5621337160626627,0,0,8267.42857142857,8422.0,9632.766666666666,0.814628643516409,1.1853658536585365,2024,2024-01,2024-01-22/2024-01-28
2024-01-25,102.0,189.0,155.0,8180.0,293.0,True,8369.0,-138.0,-0.4638439581351128,0,0,8287.285714285714,8385.5,9535.1,0.8169410345475099,1.8903225806451613,2024,2024-01,2024-01-22/2024-01-28
2024-01-26,0.0,189.0,0.0,8180.0,0.0,False,8369.0,0.0,0.0,0,0,8307.142857142857,8349.0,9437.1,0.8169410345475099,,2024,2024-01,2024-01-22/2024-01-28
2024-01-27,0.0,189.0,0.0,8180.0,0.0,False,8369.0,0.0,0.0,0,0,8327.0,8312.5,9338.166666666666,0.8169410345475099,,2024,2024-01,2024-01-22/2024-01-28
2024-01-28,120.0,257.0,126.0,8004.0,307.0,True,8261.0,-181.0,-1.2904767594694722,0,0,8341.57142857143,8268.285714285714,9235.633333333333,1.177437199972133,2.4365079365079363,2024,2024-01,2024-01-22/2024-01-28
2024-01-29,137.0,272.0,166.0,8057.0,195.0,True,8329.0,-29.0,0.8231448977121358,0,0,8352.285714285714,8285.642857142857,9135.366666666667,1.1929481232009616,1.1746987951807228,2024,2024-01,2024-01-29/2024-02-04
2024-01-30,93.0,198.0,208.0,8182.0,187.0,True,8380.0,21.0,0.6123184055708997,1,1,8355.0,8299.785714285714,9036.8,1.1910054524424094,0.8990384615384616,2024,2024-01,2024-01-29/2024-02-04
2024-01-31,203.0,477.0,258.0,8153.0,266.0,True,8630.0,-8.0,2.9832935560859086,0,0,8386.714285714286,8327.07142857143,8958.0,1.1317977241156878,1.0310077519379846,2024,2024-01,2024-01-29/2024-02-04
2024-02-01,222.0,459.0,289.0,8026.0,337.0,True,8485.0,-48.0,-1.6801853997682525,0,0,8403.285714285714,8345.285714285714,8876.433333333332,1.2608118174711214,1.166089965397924,2024,2024-02,2024-01-29/2024-02-04
2024-02-02,0.0,459.0,0.0,8026.0,0.0,False,8485.0,0.0,0.0,0,0,8419.857142857143,8363.5,8795.466666666667,1.2608118174711214,,2024,2024-02,2024-01-29/2024-02-04
2024-02-03,0.0,459.0,0.0,8026.0,0.0,False,8485.0,0.0,0.0,0,0,8436.42857142857,8381.714285714286,8721.3,1.2608118174711214,,2024,2024-02,2024-01-29/2024-02-04
2024-02-04,253.0,531.0,248.0,7813.0,342.0,True,8344.0,-94.0,-1.6617560400707165,0,0,8448.285714285714,8394.92857142857,8642.433333333332,1.3934394971422561,1.3790322580645162,2024,2024-02,2024-01-29/2024-02-04
2024-02-05,157.0,466.0,345.0,7872.0,242.0,True,8338.0,103.0,-0.07190795781399917,1,1,8449.57142857143,8400.92857142857,8563.366666666667,1.4049370231692255,0.7014492753623188,2024,2024-02,2024-02-05/2024-02-11
2024-02-06,291.0,455.0,323.0,8045.0,178.0,True,8500.0,145.0,1.9429119692971897,1,2,8466.714285714286,8410.857142857143,8520.433333333332,1.5611605075587813,0.5510835913312694,2024,2024-02,2024-02-05/2024-02-11
2024-02-07,227.0,453.0,330.0,8160.0,222.0,True,8613.0,108.0,1.32941176470589,1,3,8464.285714285714,8425.5,8483.066666666668,1.6787234961841175,0.6727272727272727,2024,2024-02,2024-02-05/2024-02-11
2024-02-08,298.0,499.0,358.0,8188.0,315.0,True,8687.0,43.0,0.8591663764077495,1,4,8493.142857142857,8448.214285714286,8459.033333333333,1.527038895300159,0.8798882681564246,2024,2024-02,2024-02-05/2024-02-11
2024-02-09,0.0,499.0,0.0,8188.0,0.0,False,8687.0,0.0,0.0,0,0,8522.0,8470.92857142857,8441.3,1.527038895300159,,2024,2024-02,2024-02-05/2024-02-11
2024-02-10,0.0,499.0,0.0,8188.0,0.0,False,8687.0,0.0,0.0,0,0,8550.857142857143,8493.642857142857,8434.866666666667,1.527038895300159,,2024,2024-02,2024-02-05/2024-02-11
2024-02-11,205.0,515.0,226.0,8056.0,347.0,True,8571.0,-121.0,-1.3353286520087493,0,0,8583.285714285714,8515.785714285714,8424.566666666668,1.2093613516527328,1.5353982300884956,2024,2024-02,2024-02-05/2024-02-11
2024-02-12,213.0,430.0,440.0,8092.0,234.0,True,8522.0,206.0,-0.5716952514292384,1,1,8609.57142857143,8529.57142857143,8412.633333333333,1.201763423582763,0.5318181818181819,2024,2024-02,2024-02-12/2024-02-18
2024-02-13,227.0,369.0,349.0,8348.0,160.0,True,8717.0,189.0,2.2881952593287957,1,2,8640.57142857143,8553.642857142857,8407.2,1.4683736833363001,0.4584527220630373,2024,2024-02,2024-02-12/2024-02-18
2024-02-14,185.0,322.0,272.0,8512.0,230.0,True,8834.0,42.0,1.3422048870024073,1,3,8672.142857142857,8568.214285714286,8432.133333333333,1.5348935448733085,0.8455882352941176,2024,2024-02,2024-02-12/2024-02-18
2024-02-15,333.0,508.0,272.0,8463.0,312.0,True,8971.0,-40.0,1.5508263527280963,0,0,8712.714285714286,8602.92857142857,8458.433333333332,1.599938806414284,1.1470588235294117,2024,2024-02,2024-02-12/2024-02-18
2024-02-16,0.0,508.0,0.0,8463.0,0.0,False,8971.0,0.0,0.0,0,0,8753.285714285714,8637.642857142857,8482.533333333333,1.599938806414284,,2024,2024-02,2024-02-12/2024-02-18
2024-02-17,0.0,508.0,0.0,8463.0,0.0,False,8971.0,0.0,0.0,0,0,8793.857142857143,8672.357142857143,8507.233333333334,1.599938806414284,,2024,2024-02,2024-02-12/2024-02-18
2024-02-18,0.0,508.0,0.0,8463.0,0.0,False,8971.0,0.0,0.0,0,0,8851.0,8717.142857142857,8531.933333333332,1.3434066892333767,,2024,2024-02,2024-02-12/2024-02-18
2024-02-19,249.0,420.0,371.0,8380.0,218.0,True,8800.0,153.0,-1.9061420131535,1,1,8890.714285714286,8750.142857142857,8550.933333333332,1.4910086969243412,0.5876010781671159,2024,2024-02,2024-02-19/2024-02-25
2024-02-20,149.0,395.0,273.0,8488.0,192.0,True,8883.0,81.0,0.9431818181818263,1,2,8914.42857142857,8777.5,8575.066666666668,1.032977424854078,0.7032967032967034,2024,2024-02,2024-02-19/2024-02-25
2024-02-21,232.0,430.0,318.0,8573.0,231.0,True,9003.0,87.0,1.3508949679162496,1,3,8938.57142857143,8805.357142857143,8600.033333333333,0.8041662374941129,0.7264150943396226,2024,2024-02,2024-02-19/2024-02-25
2024-02-22,165.0,400.0,292.0,8607.0,293.0,True,9007.0,-1.0,0.04442963456625648,0,0,8943.714285714286,8828.214285714286,8621.566666666668,0.7491246469855053,1.0034246575342465,2024,2024-02,2024-02-19/2024-02-25
2024-02-23,0.0,400.0,0.0,8607.0,0.0,False,9007.0,0.0,0.0,0,0,8948.857142857143,8851.07142857143,8641.533333333333,0.7491246469855053,,2024,2024-02,2024-02-19/2024-02-25
2024-02-24,0.0,400.0,0.0,8607.0,0.0,False,9007.0,0.0,0.0,0,0,8954.0,8873.92857142857,8662.8,0.7491246469855053,,2024,2024-02,2024-02-19/2024-02-25
2024-02-25,244.0,482.0,366.0,8404.0,329.0,True,8886.0,37.0,-1.3433995781059194,1,1,8941.857142857143,8896.42857142857,8680.033333333333,1.243974995509174,0.8989071038251366,2024,2024-02,2024-02-19/2024-02-25
2024-02-26,199.0,438.0,326.0,8404.0,329.0,True,8842.0,-3.0,-0.4951609273013746,0,0,8947.857142857143,8919.285714285714,8695.8,1.1809898087609976,1.00920245398773,2024,2024-02,2024-02-26/2024-03-03
2024-02-27,197.0,369.0,306.0,8650.0,206.0,True,9019.0,100.0,2.0018095453517404,1,1,8967.285714285714,8940.857142857143,8721.066666666668,1.5673064067419165,0.673202614379085,2024,2024-02,2024-02-26/2024-03-03
2024-02-28,209.0,447.0,274.0,8699.0,257.0,True,9146.0,17.0,1.4081383745426335,1,2,8987.714285714286,8963.142857142857,8748.3,1.542407546562457,0.9379562043795621,2024,2024-02,2024-02-26/2024-03-03
2024-02-29,262.0,444.0,354.0,8724.0,299.0,True,9168.0,55.0,0.2405423135797058,1,3,9010.714285714286,8977.214285714286,8774.566666666668,1.5408612043457364,0.844632768361582,2024,2024-02,2024-02-26/2024-03-03
2024-03-01,0.0,444.0,0.0,8724.0,0.0,False,9168.0,0.0,0.0,0,0,9033.714285714286,8991.285714285714,8792.5,1.5408612043457364,,2024,2024-03,2024-02-26/2024-03-03
2024-03-02,0.0,444.0,0.0,8724.0,0.0,False,9168.0,0.0,0.0,0,0,9056.714285714286,9005.357142857143,8815.266666666666,1.5408612043457364,,2024,2024-03,2024-02-26/2024-03-03
2024-03-03,236.0,468.0,347.0,8594.0,354.0,True,9062.0,-7.0,-1.1561954624781823,0,0,9081.857142857143,9011.857142857143,8834.5,1.319256863729667,1.0201729106628241,2024,2024-03,2024-02-26/2024-03-03
2024-03-04,225.0,509.0,340.0,8660.0,229.0,True,9169.0,111.0,1.1807548002648494,1,1,9128.57142857143,9038.214285714286,8857.3,1.3194375086484988,0.6735294117647059,2024,2024-03,2024-03-04/2024-03-10
2024-03-05,246.0,472.0,345.0,8800.0,214.0,True,9272.0,131.0,1.12335041989311,1,2,9164.714285714286,9066.0,8888.233333333334,0.9478591166650412,0.6202898550724638,2024,2024-03,2024-03-04/2024-03-10
2024-03-06,230.0,457.0,277.0,8870.0,232.0,True,9327.0,45.0,0.5931837791199213,1,3,9190.57142857143,9089.142857142857,8921.2,0.9644173937944743,0.8375451263537906,2024,2024-03,2024-03-04/2024-03-10
2024-03-07,181.0,424.0,328.0,8902.0,305.0,True,9326.0,23.0,-0.010721561059290341,1,4,9213.142857142857,9111.92857142857,8948.733333333334,0.964878409864832,0.9298780487804879,2024,2024-03,2024-03-04/2024-03-10
2024-03-08,0.0,424.0,0.0,8902.0,0.0,False,9326.0,0.0,0.0,0,0,9235.714285714286,9134.714285714286,8972.5,0.964878409864832,,2024,2024-03,2024-03-04/2024-03-10
2024-03-09,0.0,424.0,0.0,8902.0,0.0,False,9326.0,0.0,0.0,0,0,9258.285714285714,9157.5,8993.8,0.964878409864832,,2024,2024-03,2024-03-04/2024-03-10
2024-03-10,190.0,368.0,326.0,8714.0,373.0,True,9082.0,-47.0,-2.6163414111087246,0,0,9261.142857142857,9171.5,9006.966666666667,1.164369534929582,1.1441717791411044,2024,2024-03,2024-03-04/2024-03-10
2024-03-11,178.0,336.0,290.0,8757.0,253.0,True,9093.0,37.0,0.12111869632238648,1,1,9250.285714285714,9189.42857142857,9020.5,1.1467026764489792,0.8724137931034482,2024,2024-03,2024-03-11/2024-03-17
2024-03-12,154.0,294.0,290.0,8843.0,213.0,True,9137.0,77.0,0.4838887055977015,1,2,9231.0,9197.857142857143,9039.366666666667,1.0321753624632855,0.7344827586206897,2024,2024-03,2024-03-11/2024-03-17
2024-03-13,165.0,358.0,167.0,8819.0,239.0,True,9177.0,-72.0,0.43778045310276514,0,0,9209.57142857143,9200.07142857143,9061.2,0.98565484074982,1.4311377245508983,2024,2024-03,2024-03-11/2024-03-17
2024-03-14,166.0,301.0,252.0,8695.0,310.0,True,8996.0,-58.0,-1.9723221096218824,0,0,9162.42857142857,9187.785714285714,9070.5,1.0765575057095704,1.2301587301587302,2024,2024-03,2024-03-11/2024-03-17
2024-03-15,0.0,301.0,0.0,8695.0,0.0,False,8996.0,0.0,0.0,0,0,9115.285714285714,9175.5,9075.9,1.0765575057095704,,2024,2024-03,2024-03-11/2024-03-17
2024-03-16,0.0,301.0,0.0,8695.0,0.0,False,8996.0,0.0,0.0,0,0,9068.142857142857,9163.214285714286,9076.733333333334,1.0765575057095704,,2024,2024-03,2024-03-11/2024-03-17
2024-03-17,127.0,260.0,259.0,8373.0,342.0,True,8633.0,-83.0,-4.035126722987991,0,0,9004.0,9132.57142857143,9065.466666666667,1.570255934150745,1.3204633204633205,2024,2024-03,2024-03-11/2024-03-17
2024-03-18,123.0,243.0,188.0,8333.0,283.0,True,8576.0,-95.0,-0.6602571527858259,0,0,8930.142857142857,9090.214285714286,9052.3,1.503361710997401,1.5053191489361701,2024,2024-03,2024-03-18/2024-03-24
2024-03-19,99.0,202.0,256.0,8390.0,197.0,True,8592.0,59.0,0.1865671641791078,1,1,8852.285714285714,9041.642857142857,9039.666666666666,1.451210211237868,0.76953125,2024,2024-03,2024-03-18/2024-03-24
2024-03-20,91.0,181.0,174.0,8365.0,227.0,True,8546.0,-53.0,-0.5353817504655467,0,0,8762.142857142857,8985.857142857143,9031.2,1.4498166618960517,1.3045977011494252,2024,2024-03,2024-03-18/2024-03-24
2024-03-21,132.0,261.0,141.0,8292.0,235.0,True,8553.0,-94.0,0.08190966534051825,0,0,8698.857142857143,8930.642857142857,9020.2,1.4229280861511329,1.6666666666666667,2024,2024-03,2024-03-18/2024-03-24
2024-03-22,0.0,261.0,0.0,8292.0,0.0,False,8553.0,0.0,0.0,0,0,8635.57142857143,8875.42857142857,9005.2,1.4229280861511329,,2024,2024-03,2024-03-18/2024-03-24
2024-03-23,0.0,261.0,0.0,8292.0,0.0,False,8553.0,0.0,0.0,0,0,8572.285714285714,8820.214285714286,8990.066666666668,1.4229280861511329,,2024,2024-03,2024-03-18/2024-03-24
2024-03-24,124.0,264.0,221.0,7899.0,373.0,True,8163.0,-152.0,-4.559803577692034,0,0,8505.142857142857,8754.57142857143,8961.933333333332,1.7963710102460668,1.6877828054298643,2024,2024-03,2024-03-18/2024-03-24
2024-03-25,128.0,242.0,224.0,7899.0,229.0,True,8141.0,-5.0,-0.26950875903466454,0,0,8443.0,8686.57142857143,8933.066666666668,1.8202291939222661,1.0223214285714286,2024,2024-03,2024-03-25/2024-03-31
2024-03-26,187.0,276.0,200.0,7919.0,208.0,True,8195.0,-8.0,0.6633091757769272,0,0,8386.285714285714,8619.285714285714,8910.033333333333,1.7703952327745587,1.04,2024,2024-03,2024-03-25/2024-03-31
2024-03-27,129.0,287.0,185.0,7893.0,215.0,True,8180.0,-30.0,-0.18303843807199183,0,0,8334.0,8548.07142857143,8887.966666666667,1.7689741722357322,1.162162162162162,2024,2024-03,2024-03-25/2024-03-31
2024-03-28,161.0,288.0,248.0,7762.0,360.0,True,8050.0,-112.0,-1.58924205378973,0,0,8262.142857142857,8480.5,8855.666666666666,1.7982072972334975,1.4516129032258065,2024,2024-03,2024-03-25/2024-03-31
2024-03-29,0.0,288.0,0.0,7762.0,0.0,False,8050.0,0.0,0.0,0,0,8190.285714285715,8412.92857142857,8819.133333333333,1.7982072972334975,,2024,2024-03,2024-03-25/2024-03-31
2024-03-30,0.0,288.0,0.0,7762.0,0.0,False,8050.0,0.0,0.0,0,0,8118.428571428572,8345.357142857143,8781.866666666667,1.7982072972334975,,2024,2024-03,2024-03-25/2024-03-31
2024-03-31,105.0,254.0,151.0,7257.0,287.0,True,7511.0,-136.0,-6.695652173913047,0,0,8025.285714285715,8265.214285714286,8726.633333333333,2.434252992922131,1.900662251655629,2024,2024-03,2024-03-25/2024-03-31
2024-04-01,109.0,235.0,171.0,7271.0,172.0,True,7506.0,-1.0,-0.06656903208627218,0,0,7934.571428571428,8188.785714285715,8671.233333333334,2.4508385254027742,1.0058479532163742,2024,2024-04,2024-04-01/2024-04-07
2024-04-02,101.0,230.0,175.0,7340.0,132.0,True,7570.0,43.0,0.8526512123634422,1,1,7845.285714285715,8115.785714285715,8621.5,2.530047126539129,0.7542857142857143,2024,2024-04,2024-04-01/2024-04-07
2024-04-03,124.0,230.0,190.0,7346.0,163.0,True,7576.0,27.0,0.07926023778070945,1,2,7759.0,8046.5,8568.4,2.5541826118630055,0.8578947368421053,2024,2024-04,2024-04-01/2024-04-07
2024-04-04,95.0,226.0,152.0,7317.0,225.0,True,7543.0,-73.0,-0.4355860612460405,0,0,7686.571428571428,7974.357142857143,8510.766666666666,2.5437732771263506,1.480263157894737,2024,2024-04,2024-04-01/2024-04-07
2024-04-05,0.0,226.0,0.0,7317.0,0.0,False,7543.0,0.0,0.0,0,0,7614.142857142857,7902.214285714285,8451.3,2.5437732771263506,,2024,2024-04,2024-04-01/2024-04-07
2024-04-06,0.0,226.0,0.0,7317.0,0.0,False,7543.0,0.0,0.0,0,0,7541.714285714285,7830.071428571428,8391.866666666667,2.5437732771263506,,2024,2024-04,2024-04-01/2024-04-07
2024-04-07,106.0,239.0,233.0,6982.0,279.0,True,7221.0,-46.0,-4.268858544345755,0,0,7500.285714285715,7762.785714285715,8321.7,1.828179642750643,1.1974248927038627,2024,2024-04,2024-04-01/2024-04-07
2024-04-08,102.0,230.0,167.0,6988.0,199.0,True,7218.0,-32.0,-0.041545492314087884,0,0,7459.142857142857,7696.857142857143,8251.433333333332,1.8215089429152034,1.1916167664670658,2024,2024-04,2024-04-08/2024-04-14
2024-04-09,118.0,231.0,217.0,7043.0,130.0,True,7274.0,87.0,0.775838182321964,1,1,7416.857142857143,7631.071428571428,8191.166666666667,1.800191427436106,0.5990783410138248,2024,2024-04,2024-04-08/2024-04-14
2024-04-10,117.0,244.0,142.0,6999.0,227.0,True,7243.0,-85.0,-0.42617541930162206,0,0,7369.285714285715,7564.142857142857,8129.5,1.7769507985619784,1.5985915492957747,2024,2024-04,2024-04-08/2024-04-14
2024-04-11,183.0,221.0,220.0,6912.0,285.0,True,7133.0,-65.0,-1.518707717796497,0,0,7310.714285714285,7498.642857142857,8062.7,1.7835683206395267,1.2954545454545454,2024,2024-04,2024-04-08/2024-04-14
2024-04-12,0.0,221.0,0.0,6912.0,0.0,False,7133.0,0.0,0.0,0,0,7252.142857142857,7433.142857142857,7994.566666666667,1.7835683206395267,,2024,2024-04,2024-04-08/2024-04-14
2024-04-13,0.0,221.0,0.0,6912.0,0.0,False,7133.0,0.0,0.0,0,0,7193.571428571428,7367.642857142857,7932.466666666666,1.7835683206395267,,2024,2024-04,2024-04-08/2024-04-14
2024-04-14,128.0,245.0,243.0,6630.0,290.0,True,6875.0,-47.0,-3.6169914481985144,0,0,7144.142857142857,7322.214285714285,7861.766666666666,1.6087629036874231,1.1934156378600822,2024,2024-04,2024-04-08/2024-04-14
2024-04-15,144.0,303.0,176.0,6681.0,191.0,True,6984.0,-15.0,1.5854545454545566,0,0,7110.714285714285,7284.928571428572,7794.7,1.6850839263779287,1.0852272727272727,2024,2024-04,2024-04-15/2024-04-21
2024-04-16,219.0,392.0,205.0,6685.0,163.0,True,7077.0,42.0,1.3316151202749094,1,1,7082.571428571428,7249.714285714285,7742.833333333333,1.6038097460479308,0.7951219512195122,2024,2024-04,2024-04-15/2024-04-21
2024-04-17,182.0,371.0,274.0,6725.0,227.0,True,7096.0,47.0,0.2684753426593245,1,2,7061.571428571428,7215.428571428572,7693.5,1.682059874916718,0.8284671532846716,2024,2024-04,2024-04-15/2024-04-21
2024-04-18,144.0,322.0,258.0,6728.0,260.0,True,7050.0,-2.0,-0.6482525366403591,0,0,7049.714285714285,7180.214285714285,7642.1,1.6647858695111242,1.0077519379844961,2024,2024-04,2024-04-15/2024-04-21
2024-04-19,0.0,322.0,0.0,6728.0,0.0,False,7050.0,0.0,0.0,0,0,7037.857142857143,7145.0,7592.233333333334,1.6647858695111242,,2024,2024-04,2024-04-15/2024-04-21
2024-04-20,0.0,322.0,0.0,6728.0,0.0,False,7050.0,0.0,0.0,0,0,7026.0,7109.785714285715,7542.133333333333,1.6647858695111242,,2024,2024-04,2024-04-15/2024-04-21
2024-04-21,208.0,380.0,343.0,6745.0,240.0,True,7125.0,103.0,1.0638297872340496,1,1,7061.714285714285,7102.928571428572,7494.533333333334,0.31469604506369875,0.6997084548104956,2024,2024-04,2024-04-15/2024-04-21
2024-04-22,176.0,424.0,251.0,6799.0,214.0,True,7223.0,37.0,1.3754385964912297,1,2,7095.857142857143,7103.285714285715,7450.2,0.32348094174147185,0.852589641434263,2024,2024-04,2024-04-22/2024-04-28
2024-04-23,252.0,427.0,307.0,6967.0,134.0,True,7394.0,173.0,2.367437352900459,1,3,7141.142857142857,7111.857142857143,7424.566666666667,0.884085136599748,0.4364820846905538,2024,2024-04,2024-04-22/2024-04-28
2024-04-24,253.0,411.0,307.0,7128.0,154.0,True,7539.0,153.0,1.9610494995942584,1,4,7204.428571428572,7133.0,7404.5,1.0965006333490872,0.501628664495114,2024,2024-04,2024-04-22/2024-04-28
2024-04-25,145.0,357.0,333.0,7209.0,217.0,True,7566.0,116.0,0.35813768404298063,1,5,7278.142857142857,7163.928571428572,7383.533333333334,1.0407431901748532,0.6516516516516516,2024,2024-04,2024-04-22/2024-04-28
2024-04-26,0.0,357.0,0.0,7209.0,0.0,False,7566.0,0.0,0.0,0,0,7351.857142857143,7194.857142857143,7363.066666666667,1.0407431901748532,,2024,2024-04,2024-04-22/2024-04-28
2024-04-27,0.0,357.0,0.0,7209.0,0.0,False,7566.0,0.0,0.0,0,0,7425.571428571428,7225.785714285715,7346.933333333333,1.0407431901748532,,2024,2024-04,2024-04-22/2024-04-28
2024-04-28,158.0,349.0,365.0,7298.0,250.0,True,7647.0,115.0,1.0705789056304482,1,1,7500.142857142857,7280.928571428572,7333.5,0.9887431036126185,0.684931506849315,2024,2024-04,2024-04-22/2024-04-28
2024-04-29,140.0,292.0,255.0,7373.0,187.0,True,7665.0,68.0,0.23538642604943316,1,2,7563.285714285715,7329.571428571428,7320.666666666667,0.9795796232946112,0.7333333333333333,2024,2024-04,2024-04-29/2024-05-05
2024-04-30,220.0,443.0,194.0,7431.0,135.0,True,7874.0,59.0,2.726679712981084,1,3,7631.857142857143,7386.5,7332.766666666666,0.796040016457911,0.6958762886597938,2024,2024-04,2024-04-29/2024-05-05
2024-05-01,197.0,437.0,295.0,7508.0,190.0,True,7945.0,105.0,0.9017018034036095,1,4,7689.857142857143,7447.142857142857,7347.4,0.5274665698176445,0.6440677966101694,2024,2024-05,2024-04-29/2024-05-05
2024-05-02,206.0,411.0,293.0,7577.0,194.0,True,7988.0,99.0,0.5412208936437901,1,5,7750.142857142857,7514.142857142857,7361.333333333333,0.5066386491890994,0.6621160409556314,2024,2024-05,2024-04-29/2024-05-05
2024-05-03,0.0,411.0,0.0,7577.0,0.0,False,7988.0,0.0,0.0,0,0,7810.428571428572,7581.142857142857,7375.066666666667,0.5066386491890994,,2024,2024-05,2024-04-29/2024-05-05
2024-05-04,0.0,411.0,0.0,7577.0,0.0,False,7988.0,0.0,0.0,0,0,7870.714285714285,7648.142857142857,7389.9,0.5066386491890994,,2024,2024-05,2024-04-29/2024-05-05
2024-05-05,150.0,315.0,228.0,7447.0,332.0,True,7762.0,-104.0,-2.829243865798703,0,0,7887.142857142857,7693.642857142857,7397.2,0.9945133716519486,1.456140350877193,2024,2024-05,2024-04-29/2024-05-05
2024-05-06,173.0,337.0,211.0,7449.0,205.0,True,7786.0,6.0,0.30919866013914277,1,1,7904.428571428572,7733.857142857143,7405.3,0.941907512613846,0.9715639810426541,2024,2024-05,2024-05-06/2024-05-12
2024-05-07,176.0,334.0,246.0,7566.0,163.0,True,7900.0,83.0,1.4641664526072518,1,2,7908.142857142857,7770.0,7427.933333333333,1.068305136559972,0.6626016260162602,2024,2024-05,2024-05-06/2024-05-12
2024-05-08,167.0,374.0,205.0,7583.0,202.0,True,7957.0,3.0,0.7215189873417627,1,3,7909.857142857143,7799.857142857143,7452.566666666667,1.0129402767181122,0.9853658536585366,2024,2024-05,2024-05-06/2024-05-12
2024-05-09,138.0,285.0,268.0,7570.0,244.0,True,7855.0,24.0,-1.2818901596078902,1,4,7890.857142857143,7820.5,7471.933333333333,0.9566192834713575,0.9104477611940298,2024,2024-05,2024-05-06/2024-05-12
2024-05-10,0.0,285.0,0.0,7570.0,0.0,False,7855.0,0.0,0.0,0,0,7871.857142857143,7841.142857142857,7492.333333333333,0.9566192834713575,,2024,2024-05,2024-05-06/2024-05-12
2024-05-11,0.0,285.0,0.0,7570.0,0.0,False,7855.0,0.0,0.0,0,0,7852.857142857143,7861.785714285715,7516.4,0.9566192834713575,,2024,2024-05,2024-05-06/2024-05-12
2024-05-12,138.0,301.0,263.0,7464.0,245.0,True,7765.0,18.0,-1.145767027371103,1,1,7853.285714285715,7870.214285714285,7537.466666666666,0.8659684566620371,0.9315589353612167,2024,2024-05,2024-05-06/2024-05-12
2024-05-13,112.0,331.0,167.0,7499.0,157.0,True,7830.0,10.0,0.8370895041854398,1,2,7859.571428571428,7882.0,7560.7,0.8811934558065692,0.9401197604790419,2024,2024-05,2024-05-13/2024-05-19
2024-05-14,246.0,419.0,218.0,7546.0,186.0,True,7965.0,32.0,1.724137931034475,1,3,7868.857142857143,7888.5,7597.033333333334,0.6638637126889406,0.8532110091743119,2024,2024-05,2024-05-13/2024-05-19
2024-05-15,115.0,285.0,341.0,7589.0,265.0,True,7874.0,76.0,-1.1424984306340202,1,4,7857.0,7883.428571428572,7626.7,0.6983657426763537,0.7771260997067448,2024,2024-05,2024-05-13/2024-05-19
2024-05-16,206.0,340.0,214.0,7565.0,234.0,True,7905.0,-20.0,0.3937007874015741,0,0,7864.142857142857,7877.5,7654.3,0.7068469470721357,1.0934579439252337,2024,2024-05,2024-05-13/2024-05-19
2024-05-17,0.0,340.0,0.0,7565.0,0.0,False,7905.0,0.0,0.0,0,0,7871.285714285715,7871.571428571428,7681.266666666666,0.7068469470721357,,2024,2024-05,2024-05-13/2024-05-19
2024-05-18,0.0,340.0,0.0,7565.0,0.0,False,7905.0,0.0,0.0,0,0,7878.428571428572,7865.642857142857,7709.766666666666,0.7068469470721357,,2024,2024-05,2024-05-13/2024-05-19
2024-05-19,143.0,295.0,278.0,7356.0,298.0,True,7651.0,-20.0,-3.2131562302340266,0,0,7862.142857142857,7857.714285714285,7729.8,1.182134693939477,1.0719424460431655,2024,2024-05,2024-05-13/2024-05-19
2024-05-20,111.0,268.0,217.0,7368.0,192.0,True,7636.0,25.0,-0.19605280355509125,1,1,7834.428571428572,7847.0,7749.333333333333,1.1586295662667925,0.8847926267281107,2024,2024-05,2024-05-20/2024-05-26
2024-05-21,196.0,348.0,176.0,7404.0,145.0,True,7752.0,31.0,1.5191199580932402,1,2,7804.0,7836.428571428572,7770.233333333334,1.1423557607115513,0.8238636363636364,2024,2024-05,2024-05-20/2024-05-26
2024-05-22,168.0,349.0,272.0,7474.0,208.0,True,7823.0,64.0,0.9158926728586092,1,3,7796.714285714285,7826.857142857143,7790.233333333334,1.195697987804104,0.7647058823529411,2024,2024-05,2024-05-20/2024-05-26
2024-05-23,193.0,272.0,314.0,7494.0,227.0,True,7766.0,87.0,-0.7286207337338646,1,4,7776.857142857143,7820.5,7802.633333333333,1.2074934866908205,0.7229299363057324,2024,2024-05,2024-05-20/2024-05-26
2024-05-24,0.0,272.0,0.0,7494.0,0.0,False,7766.0,0.0,0.0,0,0,7757.0,7814.142857142857,7810.2,1.2074934866908205,,2024,2024-05,2024-05-20/2024-05-26
2024-05-25,0.0,272.0,0.0,7494.0,0.0,False,7766.0,0.0,0.0,0,0,7737.142857142857,7807.785714285715,7816.866666666667,1.2074934866908205,,2024,2024-05,2024-05-20/2024-05-26
2024-05-26,0.0,272.0,0.0,7494.0,0.0,False,7766.0,0.0,0.0,0,0,7753.571428571428,7807.857142857143,7823.533333333334,0.34976980613424025,,2024,2024-05,2024-05-20/2024-05-26
2024-05-27,156.0,344.0,252.0,7365.0,167.0,True,7709.0,85.0,-0.7339685809940821,1,1,7764.0,7799.214285714285,7828.3,0.8333933253838678,0.6626984126984127,2024,2024-05,2024-05-27/2024-06-02
2024-05-28,153.0,348.0,239.0,7418.0,151.0,True,7766.0,88.0,0.7393955117395157,1,2,7766.0,7785.0,7832.266666666666,0.8602392247296747,0.6317991631799164,2024,2024-05,2024-05-27/2024-06-02
2024-05-29,182.0,462.0,158.0,7491.0,141.0,True,7953.0,17.0,2.4079320113314484,1,3,7784.571428571428,7790.642857142857,7841.866666666667,0.8671902442418347,0.8924050632911392,2024,2024-05,2024-05-27/2024-06-02
2024-05-30,167.0,406.0,339.0,7563.0,190.0,True,7969.0,149.0,0.20118194392053645,1,4,7813.571428571428,7795.214285714285,7845.033333333334,0.9350649588017835,0.56047197640118,2024,2024-05,2024-05-27/2024-06-02
2024-05-31,0.0,406.0,0.0,7563.0,0.0,False,7969.0,0.0,0.0,0,0,7842.571428571428,7799.785714285715,7845.833333333333,0.9350649588017835,,2024,2024-05,2024-05-27/2024-06-02
2024-06-01,0.0,406.0,0.0,7563.0,0.0,False,7969.0,0.0,0.0,0,0,7871.571428571428,7804.357142857143,7845.2,0.9350649588017835,,2024,2024-06,2024-05-27/2024-06-02
2024-06-02,159.0,330.0,322.0,7546.0,306.0,True,7876.0,16.0,-1.1670222110678918,1,1,7887.285714285715,7820.428571428572,7841.466666666666,0.9442792215714275,0.9503105590062112,2024,2024-06,2024-05-27/2024-06-02
2024-06-03,109.0,244.0,257.0,7596.0,224.0,True,7840.0,33.0,-0.45708481462671813,1,2,7906.0,7835.0,7836.533333333334,0.504055869566264,0.8715953307392996,2024,2024-06,2024-06-03/2024-06-09
2024-06-04,260.0,356.0,176.0,7565.0,203.0,True,7921.0,-27.0,1.033163265306114,0,0,7928.142857142857,7847.071428571428,7841.833333333333,0.5760737035710429,1.1534090909090908,2024,2024-06,2024-06-03/2024-06-09
2024-06-05,173.0,345.0,291.0,7691.0,198.0,True,8036.0,93.0,1.4518368892816547,1,1,7940.0,7862.285714285715,7850.166666666667,0.7467655878351268,0.6804123711340206,2024,2024-06,2024-06-03/2024-06-09
2024-06-06,179.0,326.0,282.0,7741.0,238.0,True,8067.0,44.0,0.3857640617222602,1,2,7954.0,7883.785714285715,7855.733333333334,0.7149633341784432,0.8439716312056738,2024,2024-06,2024-06-03/2024-06-09
2024-06-07,0.0,326.0,0.0,7741.0,0.0,False,8067.0,0.0,0.0,0,0,7968.0,7905.285714285715,7859.4,0.7149633341784432,,2024,2024-06,2024-06-03/2024-06-09
2024-06-08,0.0,326.0,0.0,7741.0,0.0,False,8067.0,0.0,0.0,0,0,7982.0,7926.785714285715,7866.466666666666,0.7149633341784432,,2024,2024-06,2024-06-03/2024-06-09
2024-06-09,116.0,289.0,166.0,7451.0,312.0,True,7740.0,-146.0,-4.0535515061361105,0,0,7962.571428571428,7924.928571428572,7862.633333333333,1.7146135622965561,1.8795180722891567,2024,2024-06,2024-06-03/2024-06-09
2024-06-10,184.0,334.0,229.0,7439.0,212.0,True,7773.0,17.0,0.426356589147292,1,1,7953.0,7929.5,7859.9,1.6759376728561568,0.925764192139738,2024,2024-06,2024-06-10/2024-06-16
2024-06-11,186.0,352.0,224.0,7493.0,156.0,True,7845.0,68.0,0.9262832883056626,1,2,7942.142857142857,7935.142857142857,7862.566666666667,1.7164501777771872,0.6964285714285714,2024,2024-06,2024-06-10/2024-06-16
2024-06-12,152.0,266.0,274.0,7548.0,212.0,True,7814.0,62.0,-0.39515615041427754,1,3,7910.428571428572,7925.214285714285,7862.033333333334,1.5857431345593305,0.7737226277372263,2024,2024-06,2024-06-10/2024-06-16
2024-06-13,167.0,293.0,230.0,7544.0,259.0,True,7837.0,-29.0,0.2943434860506855,0,0,7877.571428571428,7915.785714285715,7857.766666666666,1.5403449155928668,1.126086956521739,2024,2024-06,2024-06-10/2024-06-16
2024-06-14,0.0,293.0,0.0,7544.0,0.0,False,7837.0,0.0,0.0,0,0,7844.714285714285,7906.357142857143,7856.533333333334,1.5403449155928668,,2024,2024-06,2024-06-10/2024-06-16
2024-06-15,0.0,293.0,0.0,7544.0,0.0,False,7837.0,0.0,0.0,0,0,7811.857142857143,7896.928571428572,7854.266666666666,1.5403449155928668,,2024,2024-06,2024-06-10/2024-06-16
2024-06-16,204.0,315.0,233.0,7307.0,294.0,True,7622.0,-61.0,-2.7433967079239507,0,0,7795.0,7878.785714285715,7844.833333333333,1.3197566364930335,1.261802575107296,2024,2024-06,2024-06-10/2024-06-16
2024-06-17,159.0,310.0,272.0,7318.0,224.0,True,7628.0,48.0,0.07871949619522312,1,1,7774.285714285715,7863.642857142857,7835.6,1.3292959971241172,0.8235294117647058,2024,2024-06,2024-06-17/2024-06-23
2024-06-18,160.0,297.0,253.0,7340.0,214.0,True,7637.0,39.0,0.11798636601991763,1,2,7744.571428571428,7843.357142857143,7835.133333333333,1.287587616873226,0.8458498023715415,2024,2024-06,2024-06-17/2024-06-23
2024-06-19,204.0,321.0,246.0,7433.0,198.0,True,7754.0,48.0,1.5320151892104228,1,3,7736.0,7823.214285714285,7839.066666666667,1.3710879585258622,0.8048780487804879,2024,2024-06,2024-06-17/2024-06-23
2024-06-20,145.0,247.0,243.0,7431.0,235.0,True,7678.0,8.0,-0.9801392829507316,1,4,7713.285714285715,7795.428571428572,7836.6,1.3716240714793024,0.9670781893004116,2024,2024-06,2024-06-17/2024-06-23
2024-06-21,0.0,247.0,0.0,7431.0,0.0,False,7678.0,0.0,0.0,0,0,7690.571428571428,7767.642857142857,7831.766666666666,1.3716240714793024,,2024,2024-06,2024-06-17/2024-06-23
2024-06-22,0.0,247.0,0.0,7431.0,0.0,False,7678.0,0.0,0.0,0,0,7667.857142857143,7739.857142857143,7828.833333333333,1.3716240714793024,,2024,2024-06,2024-06-17/2024-06-23
2024-06-23,102.0,227.0,201.0,7247.0,294.0,True,7474.0,-93.0,-2.6569419119562343,0,0,7646.714285714285,7720.857142857143,7819.1,1.1374148538398134,1.462686567164179,2024,2024-06,2024-06-17/2024-06-23
2024-06-24,116.0,175.0,172.0,7239.0,202.0,True,7414.0,-30.0,-0.8027829810008047,0,0,7616.142857142857,7695.214285714285,7807.366666666667,1.131633234058037,1.1744186046511629,2024,2024-06,2024-06-24/2024-06-30
2024-06-25,172.0,263.0,191.0,7239.0,202.0,True,7502.0,-11.0,1.1869436201780381,0,0,7596.857142857143,7670.714285714285,7798.566666666667,1.117321968362405,1.057591623036649,2024,2024-06,2024-06-24/2024-06-30
2024-06-26,132.0,235.0,197.0,7268.0,187.0,True,7503.0,10.0,0.013329778725679198,1,1,7561.0,7648.5,7791.7,0.9665260257103476,0.949238578680203,2024,2024-06,2024-06-24/2024-06-30
2024-06-27,174.0,208.0,256.0,7248.0,268.0,True,7456.0,-12.0,-0.6264161002265789,0,0,7529.285714285715,7621.285714285715,7781.366666666667,0.9586678634120774,1.046875,2024,2024-06,2024-06-24/2024-06-30
2024-06-28,0.0,208.0,0.0,7248.0,0.0,False,7456.0,0.0,0.0,0,0,7497.571428571428,7594.071428571428,7764.8,0.9586678634120774,,2024,2024-06,2024-06-24/2024-06-30
2024-06-29,0.0,208.0,0.0,7248.0,0.0,False,7456.0,0.0,0.0,0,0,7465.857142857143,7566.857142857143,7747.7,0.9586678634120774,,2024,2024-06,2024-06-24/2024-06-30
2024-06-30,123.0,230.0,167.0,6874.0,273.0,True,7104.0,-106.0,-4.72103004291845,0,0,7413.0,7529.857142857143,7718.866666666667,1.9618387779051814,1.6347305389221556,2024,2024-06,2024-06-24/2024-06-30
2024-07-01,123.0,233.0,159.0,6825.0,229.0,True,7058.0,-70.0,-0.6475225225225256,0,0,7362.142857142857,7489.142857142857,7688.5,1.942994854293785,1.440251572327044,2024,2024-07,2024-07-01/2024-07-07
2024-07-02,141.0,232.0,188.0,6823.0,184.0,True,7055.0,4.0,-0.042504958911870894,1,1,7298.285714285715,7447.571428571428,7661.133333333333,1.9409614937902997,0.9787234042553191,2024,2024-07,2024-07-01/2024-07-07
2024-07-03,0.0,232.0,0.0,6823.0,0.0,False,7055.0,0.0,0.0,0,0,7234.285714285715,7397.642857142857,7634.966666666666,1.904353460330341,,2024,2024-07,2024-07-01/2024-07-07
2024-07-04,158.0,226.0,191.0,6790.0,225.0,True,7016.0,-34.0,-0.5527994330262187,0,0,7171.428571428572,7350.357142857143,7604.8,1.8948794063738208,1.1780104712041886,2024,2024-07,2024-07-01/2024-07-07
2024-07-05,0.0,226.0,0.0,6790.0,0.0,False,7016.0,0.0,0.0,0,0,7108.571428571428,7303.071428571428,7570.8,1.8948794063738208,,2024,2024-07,2024-07-01/2024-07-07
2024-07-06,0.0,226.0,0.0,6790.0,0.0,False,7016.0,0.0,0.0,0,0,7045.714285714285,7255.785714285715,7535.766666666666,1.8948794063738208,,2024,2024-07,2024-07-01/2024-07-07
2024-07-07,96.0,160.0,233.0,6599.0,213.0,True,6759.0,20.0,-3.6630558722919093,1,1,6996.428571428572,7204.714285714285,7492.166666666667,1.0267618013925257,0.9141630901287554,2024,2024-07,2024-07-01/2024-07-07
2024-07-08,141.0,173.0,129.0,6617.0,123.0,True,6790.0,6.0,0.458647728953987,1,2,6958.142857142857,7160.142857142857,7449.6,1.0716228829699714,0.9534883720930233,2024,2024-07,2024-07-08/2024-07-14
2024-07-09,116.0,181.0,182.0,6651.0,130.0,True,6832.0,52.0,0.6185567010309256,1,3,6926.285714285715,7112.285714285715,7419.333333333333,1.124356301583042,0.7142857142857143,2024,2024-07,2024-07-08/2024-07-14
2024-07-10,150.0,157.0,201.0,6649.0,177.0,True,6806.0,24.0,-0.38056206088993294,1,4,6890.714285714285,7062.5,7387.1,1.1228143563998971,0.8805970149253731,2024,2024-07,2024-07-08/2024-07-14
2024-07-11,80.0,176.0,125.0,6640.0,197.0,True,6816.0,-72.0,0.1469291801351691,0,0,6862.142857142857,7016.785714285715,7352.8,1.1242859923871142,1.576,2024,2024-07,2024-07-08/2024-07-14
2024-07-12,0.0,176.0,0.0,6640.0,0.0,False,6816.0,0.0,0.0,0,0,6833.571428571428,6971.071428571428,7319.533333333334,1.1242859923871142,,2024,2024-07,2024-07-08/2024-07-14
2024-07-13,0.0,176.0,0.0,6640.0,0.0,False,6816.0,0.0,0.0,0,0,6805.0,6925.357142857143,7285.5,1.1242859923871142,,2024,2024-07,2024-07-08/2024-07-14
2024-07-14,116.0,188.0,164.0,6308.0,237.0,True,6496.0,-73.0,-4.694835680751175,0,0,6767.428571428572,6881.928571428572,7240.8,1.9415835518842777,1.4451219512195121,2024,2024-07,2024-07-08/2024-07-14
2024-07-15,105.0,185.0,158.0,6283.0,171.0,True,6468.0,-13.0,-0.4310344827586188,0,0,6721.428571428572,6839.785714285715,7195.166666666667,1.9061347411712342,1.0822784810126582,2024,2024-07,2024-07-15/2024-07-21
2024-07-16,136.0,246.0,123.0,6239.0,173.0,True,6485.0,-50.0,0.26283240568953925,0,0,6671.857142857143,6799.071428571428,7157.266666666666,1.8286979971257575,1.4065040650406504,2024,2024-07,2024-07-15/2024-07-21
2024-07-17,128.0,228.0,177.0,6228.0,187.0,True,6456.0,-10.0,-0.44718581341557373,0,0,6621.857142857143,6756.285714285715,7118.2,1.8179795681005122,1.0564971751412429,2024,2024-07,2024-07-15/2024-07-21
2024-07-18,0.0,228.0,0.0,6228.0,0.0,False,6456.0,0.0,0.0,0,0,6570.428571428572,6716.285714285715,7078.833333333333,1.8283504702825222,,2024,2024-07,2024-07-15/2024-07-21
2024-07-19,0.0,228.0,0.0,6228.0,0.0,False,6456.0,0.0,0.0,0,0,6519.0,6676.285714285715,7035.566666666667,1.8283504702825222,,2024,2024-07,2024-07-15/2024-07-21
2024-07-20,0.0,228.0,0.0,6228.0,0.0,False,6456.0,0.0,0.0,0,0,6467.571428571428,6636.285714285715,6994.833333333333,1.8283504702825222,,2024,2024-07,2024-07-15/2024-07-21
2024-07-21,90.0,196.0,205.0,6058.0,262.0,True,6254.0,-57.0,-3.1288723667905805,0,0,6433.0,6600.214285714285,6947.366666666667,0.9866373435504385,1.278048780487805,2024,2024-07,2024-07-15/2024-07-21
2024-07-22,102.0,189.0,155.0,6002.0,234.0,True,6191.0,-79.0,-1.0073552926127327,0,0,6393.428571428572,6557.428571428572,6897.8,0.9911628633250701,1.5096774193548388,2024,2024-07,2024-07-22/2024-07-28
2024-07-23,120.0,257.0,126.0,5965.0,170.0,True,6222.0,-44.0,0.500726861573253,0,0,6355.857142857143,6513.857142857143,6856.066666666667,0.9909212026260213,1.3492063492063493,2024,2024-07,2024-07-22/2024-07-28
2024-07-24,137.0,272.0,166.0,5927.0,177.0,True,6199.0,-11.0,-0.3696560591449738,0,0,6319.142857142857,6470.5,6815.566666666667,0.9704463920672122,1.0662650602409638,2024,2024-07,2024-07-22/2024-07-28
2024-07-25,93.0,198.0,208.0,5954.0,194.0,True,6152.0,14.0,-0.7581868043232798,1,1,6275.714285714285,6423.071428571428,6770.566666666667,1.0382042385134935,0.9326923076923077,2024,2024-07,2024-07-22/2024-07-28
2024-07-26,0.0,198.0,0.0,5954.0,0.0,False,6152.0,0.0,0.0,0,0,6232.285714285715,6375.642857142857,6725.533333333334,1.0382042385134935,,2024,2024-07,2024-07-22/2024-07-28
2024-07-27,0.0,198.0,0.0,5954.0,0.0,False,6152.0,0.0,0.0,0,0,6188.857142857143,6328.214285714285,6682.066666666667,1.0382042385134935,,2024,2024-07,2024-07-22/2024-07-28
2024-07-28,152.0,290.0,199.0,5743.0,207.0,True,6033.0,-8.0,-1.934330299089726,0,0,6157.285714285715,6295.142857142857,6634.633333333333,1.319395063895971,1.0402010050251256,2024,2024-07,2024-07-22/2024-07-28
2024-07-29,114.0,210.0,219.0,5819.0,163.0,True,6029.0,56.0,-0.06630200563566557,1,1,6134.142857142857,6263.785714285715,6587.066666666667,1.5276247550280704,0.7442922374429224,2024,2024-07,2024-07-29/2024-08-04
2024-07-30,125.0,203.0,208.0,5930.0,92.0,True,6133.0,116.0,1.724995853375355,1,2,6121.428571428572,6238.642857142857,6554.7,1.757231731238051,0.4423076923076923,2024,2024-07,2024-07-29/2024-08-04
2024-07-31,140.0,261.0,163.0,5963.0,154.0,True,6224.0,9.0,1.4837762921897868,1,3,6125.0,6222.071428571428,6526.9,1.751006321499788,0.9447852760736196,2024,2024-07,2024-07-29/2024-08-04
2024-08-01,227.0,298.0,212.0,6016.0,169.0,True,6314.0,43.0,1.4460154241645151,1,4,6148.142857142857,6211.928571428572,6502.2,1.7731916119099769,0.7971698113207547,2024,2024-08,2024-07-29/2024-08-04
2024-08-02,0.0,298.0,0.0,6016.0,0.0,False,6314.0,0.0,0.0,0,0,6171.285714285715,6201.785714285715,6477.5,1.7731916119099769,,2024,2024-08,2024-07-29/2024-08-04
2024-08-03,0.0,298.0,0.0,6016.0,0.0,False,6314.0,0.0,0.0,0,0,6194.428571428572,6191.642857142857,6454.1,1.7731916119099769,,2024,2024-08,2024-07-29/2024-08-04
2024-08-04,63.0,167.0,143.0,5943.0,170.0,True,6110.0,-27.0,-3.230915426037373,0,0,6205.428571428572,6181.357142857143,6423.9,1.0205473682404083,1.1888111888111887,2024,2024-08,2024-07-29/2024-08-04
2024-08-05,172.0,259.0,138.0,5950.0,150.0,True,6209.0,-12.0,1.6202945990180018,0,0,6231.142857142857,6182.642857142857,6397.0,0.9571514785308365,1.0869565217391304,2024,2024-08,2024-08-05/2024-08-11
2024-08-06,163.0,283.0,200.0,5998.0,143.0,True,6281.0,57.0,1.1596070220647459,1,1,6252.285714285715,6186.857142857143,6381.066666666667,0.7124759730271144,0.715,2024,2024-08,2024-08-05/2024-08-11
2024-08-07,135.0,273.0,207.0,6038.0,174.0,True,6311.0,33.0,0.4776309504855858,1,2,6264.714285714285,6194.857142857143,6365.1,0.7237142135631075,0.8405797101449275,2024,2024-08,2024-08-05/2024-08-11
2024-08-08,119.0,230.0,213.0,6084.0,174.0,True,6314.0,39.0,0.04753604816987167,1,3,6264.714285714285,6206.428571428572,6347.833333333333,0.7043482041987793,0.8169014084507042,2024,2024-08,2024-08-05/2024-08-11
2024-08-09,0.0,230.0,0.0,6084.0,0.0,False,6314.0,0.0,0.0,0,0,6264.714285714285,6218.0,6331.433333333333,0.7043482041987793,,2024,2024-08,2024-08-05/2024-08-11
2024-08-10,0.0,230.0,0.0,6084.0,0.0,False,6314.0,0.0,0.0,0,0,6264.714285714285,6229.571428571428,6314.7,0.7043482041987793,,2024,2024-08,2024-08-05/2024-08-11
2024-08-11,95.0,211.0,140.0,5894.0,249.0,True,6105.0,-109.0,-3.3101045296167197,0,0,6264.0,6234.714285714285,6291.0,1.3758616267043093,1.7785714285714285,2024,2024-08,2024-08-05/2024-08-11
2024-08-12,109.0,219.0,155.0,5903.0,148.0,True,6122.0,7.0,0.27846027846027965,1,1,6251.571428571428,6241.357142857143,6267.866666666667,1.3768876746942853,0.9548387096774194,2024,2024-08,2024-08-12/2024-08-18
2024-08-13,162.0,239.0,189.0,5981.0,123.0,True,6220.0,66.0,1.6007840574975507,1,2,6242.857142857143,6247.571428571428,6258.666666666667,1.4457017847419205,0.6507936507936508,2024,2024-08,2024-08-12/2024-08-18
2024-08-14,109.0,226.0,191.0,5987.0,178.0,True,6213.0,13.0,-0.11254019292604722,1,3,6228.857142857143,6246.785714285715,6250.166666666667,1.415635835388006,0.9319371727748691,2024,2024-08,2024-08-12/2024-08-18
2024-08-15,124.0,241.0,156.0,5895.0,220.0,True,6136.0,-64.0,-1.2393368742958266,0,0,6203.428571428572,6234.071428571428,6238.533333333334,1.4453195361568636,1.4102564102564104,2024,2024-08,2024-08-12/2024-08-18
2024-08-16,0.0,241.0,0.0,5895.0,0.0,False,6136.0,0.0,0.0,0,0,6178.0,6221.357142857143,6227.866666666667,1.4453195361568636,,2024,2024-08,2024-08-12/2024-08-18
2024-08-17,0.0,241.0,0.0,5895.0,0.0,False,6136.0,0.0,0.0,0,0,6152.571428571428,6208.642857142857,6217.2,1.4453195361568636,,2024,2024-08,2024-08-12/2024-08-18
2024-08-18,86.0,244.0,235.0,5821.0,178.0,True,6065.0,57.0,-1.1571056062581464,1,1,6146.857142857143,6205.428571428572,6204.166666666667,0.9578363628101756,0.7574468085106383,2024,2024-08,2024-08-12/2024-08-18
2024-08-19,176.0,254.0,162.0,5865.0,158.0,True,6119.0,4.0,0.8903544929925733,1,2,6146.428571428572,6199.0,6192.933333333333,1.0173993110806034,0.9753086419753086,2024,2024-08,2024-08-19/2024-08-25
2024-08-20,136.0,274.0,245.0,5995.0,112.0,True,6269.0,133.0,2.45138094459878,1,3,6153.428571428572,6198.142857142857,6193.433333333333,1.253017649889409,0.45714285714285713,2024,2024-08,2024-08-19/2024-08-25
2024-08-21,134.0,245.0,167.0,6028.0,156.0,True,6273.0,11.0,0.06380602966979954,1,4,6162.0,6195.428571428572,6196.166666666667,1.2680827190568702,0.9341317365269461,2024,2024-08,2024-08-19/2024-08-25
2024-08-22,182.0,307.0,205.0,6054.0,171.0,True,6361.0,34.0,1.4028375577873398,1,5,6194.142857142857,6198.785714285715,6200.8,1.041525074952955,0.8341463414634146,2024,2024-08,2024-08-19/2024-08-25
2024-08-23,0.0,307.0,0.0,6054.0,0.0,False,6361.0,0.0,0.0,0,0,6226.285714285715,6202.142857142857,6206.2,1.041525074952955,,2024,2024-08,2024-08-19/2024-08-25
2024-08-24,0.0,307.0,0.0,6054.0,0.0,False,6361.0,0.0,0.0,0,0,6258.428571428572,6205.5,6213.166666666667,1.041525074952955,,2024,2024-08,2024-08-19/2024-08-25
2024-08-25,0.0,307.0,0.0,6054.0,0.0,False,6361.0,0.0,0.0,0,0,6300.714285714285,6223.785714285715,6220.133333333333,0.7894907208507709,,2024,2024-08,2024-08-19/2024-08-25
2024-08-26,0.0,307.0,0.0,6054.0,0.0,False,6361.0,0.0,0.0,0,0,6335.285714285715,6240.857142857143,6227.1,0.8104285546425279,,2024,2024-08,2024-08-26/2024-09-01
2024-08-27,149.0,285.0,222.0,6152.0,97.0,True,6437.0,125.0,1.1947806948592987,1,1,6359.285714285715,6256.357142857143,6240.566666666667,0.5976791684929897,0.4369369369369369,2024,2024-08,2024-08-26/2024-09-01
2024-08-28,170.0,285.0,178.0,6227.0,134.0,True,6512.0,44.0,1.1651390399254336,1,2,6393.428571428572,6277.714285714285,6256.666666666667,0.6789536624900848,0.7528089887640449,2024,2024-08,2024-08-26/2024-09-01
2024-08-29,145.0,295.0,188.0,6250.0,169.0,True,6545.0,19.0,0.5067567567567544,1,3,6419.714285714285,6306.928571428572,6270.4,0.6799000223193216,0.898936170212766,2024,2024-08,2024-08-26/2024-09-01
2024-08-30,0.0,295.0,0.0,6250.0,0.0,False,6545.0,0.0,0.0,0,0,6446.0,6336.142857142857,6281.1,0.6799000223193216,,2024,2024-08,2024-08-26/2024-09-01
2024-08-31,0.0,295.0,0.0,6250.0,0.0,False,6545.0,0.0,0.0,0,0,6472.285714285715,6365.357142857143,6288.8,0.6799000223193216,,2024,2024-08,2024-08-26/2024-09-01
2024-09-01,0.0,295.0,0.0,6250.0,0.0,False,6545.0,0.0,0.0,0,0,6498.571428571428,6399.642857142857,6296.5,0.6799000223193216,,2024,2024-09,2024-08-26/2024-09-01
2024-09-02,133.0,270.0,198.0,6192.0,129.0,True,6462.0,69.0,-1.268143621084794,1,1,6513.0,6424.142857142857,6301.433333333333,0.8526545395012033,0.6515151515151515,2024,2024-09,2024-09-02/2024-09-08
2024-09-03,131.0,263.0,177.0,6272.0,112.0,True,6535.0,65.0,1.1296812132466805,1,2,6527.0,6443.142857142857,6315.6,0.7755108430232517,0.632768361581921,2024,2024-09,2024-09-02/2024-09-08
2024-09-04,121.0,231.0,219.0,6375.0,114.0,True,6606.0,105.0,1.0864575363427775,1,3,6540.428571428572,6466.928571428572,6328.833333333333,0.8715448748955252,0.5205479452054794,2024,2024-09,2024-09-02/2024-09-08
2024-09-05,126.0,230.0,175.0,6448.0,121.0,True,6678.0,54.0,1.089918256130784,1,4,6559.428571428572,6489.571428571428,6342.066666666667,0.9237494883185935,0.6914285714285714,2024,2024-09,2024-09-02/2024-09-08
2024-09-06,0.0,230.0,0.0,6448.0,0.0,False,6678.0,0.0,0.0,0,0,6578.428571428572,6512.214285714285,6354.3,0.9237494883185935,,2024,2024-09,2024-09-02/2024-09-08
2024-09-07,0.0,230.0,0.0,6448.0,0.0,False,6678.0,0.0,0.0,0,0,6597.428571428572,6534.857142857143,6366.433333333333,0.9237494883185935,,2024,2024-09,2024-09-02/2024-09-08
2024-09-08,123.0,255.0,164.0,6312.0,221.0,True,6567.0,-57.0,-1.6621743036837389,0,0,6600.571428571428,6549.571428571428,6374.866666666667,1.3436302674912046,1.3475609756097562,2024,2024-09,2024-09-02/2024-09-08
2024-09-09,144.0,275.0,190.0,6353.0,141.0,True,6628.0,49.0,0.928886858535094,1,1,6624.285714285715,6568.642857142857,6385.333333333333,1.262771365664541,0.7421052631578947,2024,2024-09,2024-09-09/2024-09-15
2024-09-10,131.0,251.0,180.0,6396.0,148.0,True,6647.0,32.0,0.28666264333132574,1,2,6640.285714285715,6583.642857142857,6403.4,1.2084975366192579,0.8222222222222222,2024,2024-09,2024-09-09/2024-09-15
2024-09-11,93.0,248.0,175.0,6410.0,162.0,True,6658.0,13.0,0.16548819016097838,1,3,6647.714285714285,6594.071428571428,6421.266666666666,1.0519499633863874,0.9257142857142857,2024,2024-09,2024-09-09/2024-09-15
2024-09-12,184.0,280.0,210.0,6360.0,220.0,True,6640.0,-10.0,-0.270351456893958,0,0,6642.285714285715,6600.857142857143,6435.266666666666,0.9769877185514404,1.0476190476190477,2024,2024-09,2024-09-09/2024-09-15
2024-09-13,81.0,200.0,212.0,6326.0,279.0,True,6526.0,-67.0,-1.7168674698795128,0,0,6620.571428571428,6599.5,6445.7,0.980367243755125,1.3160377358490567,2024,2024-09,2024-09-09/2024-09-15
2024-09-14,0.0,200.0,0.0,6326.0,0.0,False,6526.0,0.0,0.0,0,0,6598.857142857143,6598.142857142857,6458.7,0.980367243755125,,2024,2024-09,2024-09-09/2024-09-15
2024-09-15,98.0,220.0,167.0,6234.0,210.0,True,6454.0,-43.0,-1.1032791909285966,0,0,6582.714285714285,6591.642857142857,6469.3,0.7877523407082353,1.2574850299401197,2024,2024-09,2024-09-09/2024-09-15
2024-09-16,113.0,209.0,160.0,6229.0,164.0,True,6438.0,-4.0,-0.24790827393864623,0,0,6555.571428571428,6589.928571428572,6479.366666666667,0.704345802019418,1.025,2024,2024-09,2024-09-16/2024-09-22
2024-09-17,159.0,304.0,139.0,6227.0,160.0,True,6531.0,-21.0,1.4445479962721386,0,0,6539.0,6589.642857142857,6494.9,0.5848144464903849,1.1510791366906474,2024,2024-09,2024-09-16/2024-09-22
2024-09-18,116.0,213.0,217.0,6245.0,149.0,True,6458.0,68.0,-1.1177461338233052,1,1,6510.428571428572,6579.071428571428,6506.2,0.5972677215031083,0.6866359447004609,2024,2024-09,2024-09-16/2024-09-22
2024-09-19,93.0,196.0,169.0,6270.0,188.0,True,6466.0,-19.0,0.12387736141219463,0,0,6485.571428571428,6563.928571428572,6512.766666666666,0.6281381191141726,1.1124260355029585,2024,2024-09,2024-09-16/2024-09-22
2024-09-20,0.0,196.0,0.0,6270.0,0.0,False,6466.0,0.0,0.0,0,0,6477.0,6548.785714285715,6519.2,0.6132393107249496,,2024,2024-09,2024-09-16/2024-09-22
2024-09-21,0.0,196.0,0.0,6270.0,0.0,False,6466.0,0.0,0.0,0,0,6468.428571428572,6533.642857142857,6522.7,0.6132393107249496,,2024,2024-09,2024-09-16/2024-09-22
2024-09-22,124.0,234.0,161.0,5989.0,197.0,True,6223.0,-36.0,-3.7581193937519353,0,0,6435.428571428572,6509.071428571428,6518.1,1.7396632928936535,1.2236024844720497,2024,2024-09,2024-09-16/2024-09-22
2024-09-23,92.0,203.0,173.0,6002.0,165.0,True,6205.0,8.0,-0.28924955809095376,1,1,6402.142857142857,6478.857142857143,6512.9,1.7568088260826467,0.953757225433526,2024,2024-09,2024-09-23/2024-09-29
2024-09-24,186.0,259.0,172.0,6023.0,143.0,True,6282.0,29.0,1.2409347300563978,1,2,6366.571428571428,6452.785714285715,6510.266666666666,1.7800987617231467,0.8313953488372093,2024,2024-09,2024-09-23/2024-09-29
2024-09-25,154.0,225.0,220.0,6050.0,169.0,True,6275.0,51.0,-0.11142948105699046,1,3,6340.428571428572,6425.428571428572,6507.4,1.7922522787274255,0.7681818181818182,2024,2024-09,2024-09-23/2024-09-29
2024-09-26,91.0,199.0,172.0,6090.0,185.0,True,6289.0,-13.0,0.223107569721126,0,0,6315.142857142857,6400.357142857143,6502.466666666666,1.8151521243227071,1.0755813953488371,2024,2024-09,2024-09-23/2024-09-29
2024-09-27,0.0,199.0,0.0,6090.0,0.0,False,6289.0,0.0,0.0,0,0,6289.857142857143,6383.428571428572,6495.033333333334,1.8151521243227071,,2024,2024-09,2024-09-23/2024-09-29
2024-09-28,0.0,199.0,0.0,6090.0,0.0,False,6289.0,0.0,0.0,0,0,6264.571428571428,6366.5,6486.5,1.8151521243227071,,2024,2024-09,2024-09-23/2024-09-29
2024-09-29,81.0,213.0,153.0,5925.0,177.0,True,6138.0,-24.0,-2.401017649864845,0,0,6252.428571428572,6343.928571428572,6472.933333333333,1.1543985859802621,1.1568627450980393,2024,2024-09,2024-09-23/2024-09-29
2024-09-30,209.0,285.0,184.0,5967.0,138.0,True,6252.0,46.0,1.8572825024437911,1,1,6259.142857142857,6330.642857142857,6463.166666666667,1.1945555312756637,0.75,2024,2024-09,2024-09-30/2024-10-06
2024-10-01,184.0,314.0,217.0,6040.0,137.0,True,6354.0,80.0,1.6314779270633295,1,2,6269.428571428572,6318.0,6456.8,1.288546734041925,0.631336405529954,2024,2024-10,2024-09-30/2024-10-06
2024-10-02,107.0,215.0,230.0,6091.0,173.0,True,6306.0,57.0,-0.7554296506137814,1,3,6273.857142857143,6307.142857142857,6451.6,1.31745333101117,0.7521739130434782,2024,2024-10,2024-09-30/2024-10-06
2024-10-03,101.0,162.0,178.0,6118.0,193.0,True,6280.0,-15.0,-0.4123057405645447,0,0,6272.571428571428,6293.857142857143,6443.1,1.3046090940551804,1.0842696629213484,2024,2024-10,2024-09-30/2024-10-06
2024-10-04,0.0,162.0,0.0,6118.0,0.0,False,6280.0,0.0,0.0,0,0,6271.285714285715,6280.571428571428,6432.233333333334,1.3046090940551804,,2024,2024-10,2024-09-30/2024-10-06
2024-10-05,0.0,162.0,0.0,6118.0,0.0,False,6280.0,0.0,0.0,0,0,6270.0,6267.285714285715,6418.966666666666,1.3046090940551804,,2024,2024-10,2024-09-30/2024-10-06
2024-10-06,0.0,162.0,0.0,6118.0,0.0,False,6280.0,0.0,0.0,0,0,6290.285714285715,6271.357142857143,6405.7,0.4877712478915407,,2024,2024-10,2024-09-30/2024-10-06
2024-10-07,99.0,190.0,176.0,5968.0,153.0,True,6158.0,23.0,-1.942675159235674,1,1,6276.857142857143,6268.0,6388.366666666667,1.1844045076801681,0.8693181818181818,2024,2024-10,2024-10-07/2024-10-13
2024-10-08,167.0,239.0,166.0,6013.0,123.0,True,6252.0,43.0,1.5264696329977179,1,2,6262.285714285715,6265.857142857143,6377.866666666667,1.1154379308456084,0.7409638554216867,2024,2024-10,2024-10-07/2024-10-13
2024-10-09,115.0,216.0,169.0,6047.0,137.0,True,6263.0,32.0,0.175943698016634,1,3,6256.142857142857,6265.0,6365.7,1.0822949854570112,0.8106508875739645,2024,2024-10,2024-10-07/2024-10-13
2024-10-10,84.0,158.0,193.0,6075.0,159.0,True,6233.0,34.0,-0.4790036723614888,1,4,6249.428571428572,6261.0,6351.9,1.0839680643397736,0.8238341968911918,2024,2024-10,2024-10-07/2024-10-13
2024-10-11,0.0,158.0,0.0,6075.0,0.0,False,6233.0,0.0,0.0,0,0,6242.714285714285,6257.0,6337.733333333334,1.0839680643397736,,2024,2024-10,2024-10-07/2024-10-13
2024-10-12,0.0,158.0,0.0,6075.0,0.0,False,6233.0,0.0,0.0,0,0,6236.0,6253.0,6324.166666666667,1.0839680643397736,,2024,2024-10,2024-10-07/2024-10-13
2024-10-13,130.0,227.0,192.0,5889.0,210.0,True,6116.0,-18.0,-1.8771057275790204,0,0,6212.571428571428,6251.428571428572,6310.5,1.5545342815826466,1.09375,2024,2024-10,2024-10-07/2024-10-13
2024-10-14,88.0,214.0,160.0,5935.0,106.0,True,6149.0,54.0,0.5395683453237377,1,1,6211.285714285715,6244.071428571428,6297.933333333333,1.3571759008054345,0.6625,2024,2024-10,2024-10-14/2024-10-20
2024-10-15,113.0,208.0,159.0,6013.0,107.0,True,6221.0,52.0,1.170922101154659,1,2,6206.857142857143,6234.571428571428,6290.166666666667,1.4285846229325598,0.6729559748427673,2024,2024-10,2024-10-14/2024-10-20
2024-10-16,174.0,285.0,150.0,6036.0,129.0,True,6321.0,21.0,1.6074586079408482,1,3,6215.142857142857,6235.642857142857,6286.266666666666,1.4183426438438451,0.86,2024,2024-10,2024-10-14/2024-10-20
2024-10-17,104.0,230.0,206.0,6076.0,160.0,True,6306.0,46.0,-0.23730422401518902,1,4,6225.571428571428,6237.5,6278.766666666666,1.4315566346480049,0.7766990291262136,2024,2024-10,2024-10-14/2024-10-20
2024-10-18,0.0,230.0,0.0,6076.0,0.0,False,6306.0,0.0,0.0,0,0,6236.0,6239.357142857143,6273.7,1.4315566346480049,,2024,2024-10,2024-10-14/2024-10-20
2024-10-19,0.0,230.0,0.0,6076.0,0.0,False,6306.0,0.0,0.0,0,0,6246.428571428572,6241.214285714285,6268.366666666667,1.4315566346480049,,2024,2024-10,2024-10-14/2024-10-20
2024-10-20,147.0,276.0,214.0,5918.0,195.0,True,6194.0,19.0,-1.776086267047261,1,1,6257.571428571428,6235.071428571428,6259.3,1.26775433018411,0.9112149532710281,2024,2024-10,2024-10-14/2024-10-20
2024-10-21,108.0,220.0,213.0,5966.0,154.0,True,6186.0,59.0,-0.12915724895059544,1,2,6262.857142857143,6237.071428571428,6249.966666666666,1.27057515682087,0.7230046948356808,2024,2024-10,2024-10-21/2024-10-27
2024-10-22,180.0,280.0,146.0,6043.0,109.0,True,6323.0,37.0,2.2146783058519137,1,3,6277.428571428572,6242.142857142857,6253.3,1.2667859507002726,0.7465753424657534,2024,2024-10,2024-10-21/2024-10-27
2024-10-23,134.0,294.0,186.0,6077.0,138.0,True,6371.0,48.0,0.7591333227898067,1,4,6284.571428571428,6249.857142857143,6258.833333333333,1.2757981004023522,0.7419354838709677,2024,2024-10,2024-10-21/2024-10-27
2024-10-24,0.0,294.0,0.0,6077.0,0.0,False,6371.0,0.0,0.0,0,0,6293.857142857143,6259.714285714285,6261.8,1.251775760103585,,2024,2024-10,2024-10-21/2024-10-27
2024-10-25,0.0,294.0,0.0,6077.0,0.0,False,6371.0,0.0,0.0,0,0,6303.142857142857,6269.571428571428,6265.0,1.251775760103585,,2024,2024-10,2024-10-21/2024-10-27
2024-10-26,0.0,294.0,0.0,6077.0,0.0,False,6371.0,0.0,0.0,0,0,6312.428571428572,6279.428571428572,6267.733333333334,1.251775760103585,,2024,2024-10,2024-10-21/2024-10-27
2024-10-27,202.0,313.0,158.0,5974.0,192.0,True,6287.0,-34.0,-1.318474336838804,0,0,6325.714285714285,6291.642857142857,6267.666666666667,0.9468070320259863,1.2151898734177216,2024,2024-10,2024-10-21/2024-10-27
2024-10-28,110.0,272.0,193.0,6008.0,156.0,True,6280.0,37.0,-0.11134086209638738,1,1,6339.142857142857,6301.0,6267.366666666667,0.9222589425559128,0.8082901554404145,2024,2024-10,2024-10-28/2024-11-03
2024-10-29,166.0,277.0,229.0,6106.0,126.0,True,6383.0,103.0,1.6401273885350287,1,2,6347.714285714285,6312.571428571428,6275.533333333334,1.0009109111830785,0.5502183406113537,2024,2024-10,2024-10-28/2024-11-03
2024-10-30,136.0,276.0,178.0,6149.0,160.0,True,6425.0,18.0,0.6579978066739711,1,3,6355.428571428572,6320.0,6281.3,1.0119487680681079,0.898876404494382,2024,2024-10,2024-10-28/2024-11-03
2024-10-31,87.0,246.0,173.0,6148.0,177.0,True,6394.0,-4.0,-0.4824902723735369,0,0,6358.714285714285,6326.285714285715,6282.633333333333,1.012430160903314,1.023121387283237,2024,2024-10,2024-10-28/2024-11-03
2024-11-01,0.0,246.0,0.0,6148.0,0.0,False,6394.0,0.0,0.0,0,0,6362.0,6332.571428571428,6285.566666666667,1.012430160903314,,2024,2024-11,2024-10-28/2024-11-03
2024-11-02,0.0,246.0,0.0,6148.0,0.0,False,6394.0,0.0,0.0,0,0,6365.285714285715,6338.857142857143,6289.366666666667,1.012430160903314,,2024,2024-11,2024-10-28/2024-11-03
2024-11-03,84.0,171.0,157.0,5990.0,184.0,True,6161.0,-27.0,-3.6440412887081663,0,0,6347.285714285715,6336.5,6285.4,1.2955637343506685,1.1719745222929936,2024,2024-11,2024-10-28/2024-11-03
2024-11-04,167.0,209.0,157.0,6007.0,132.0,True,6216.0,25.0,0.8927122220418804,1,1,6338.142857142857,6338.642857142857,6283.266666666666,1.28074622531009,0.8407643312101911,2024,2024-11,2024-11-04/2024-11-10
2024-11-05,109.0,245.0,159.0,6045.0,126.0,True,6290.0,33.0,1.1904761904761862,1,2,6324.857142857143,6336.285714285715,6283.6,1.1141759561679925,0.7924528301886793,2024,2024-11,2024-11-04/2024-11-10
2024-11-06,156.0,256.0,176.0,6086.0,137.0,True,6342.0,39.0,0.8267090620031725,1,3,6313.0,6334.214285714285,6289.733333333334,1.1109417829952255,0.7784090909090909,2024,2024-11,2024-11-04/2024-11-10
2024-11-07,125.0,232.0,192.0,6084.0,177.0,True,6316.0,15.0,-0.40996531062755803,1,4,6301.857142857143,6330.285714285715,6291.866666666667,1.1106472056761039,0.921875,2024,2024-11,2024-11-04/2024-11-10
2024-11-08,0.0,232.0,0.0,6084.0,0.0,False,6316.0,0.0,0.0,0,0,6290.714285714285,6326.357142857143,6293.633333333333,1.1106472056761039,,2024,2024-11,2024-11-04/2024-11-10
2024-11-09,0.0,232.0,0.0,6084.0,0.0,False,6316.0,0.0,0.0,0,0,6279.571428571428,6322.428571428572,6296.4,1.1106472056761039,,2024,2024-11,2024-11-04/2024-11-10
2024-11-10,0.0,232.0,0.0,6084.0,0.0,False,6316.0,0.0,0.0,0,0,6301.714285714285,6324.5,6299.166666666667,0.31447509690748665,,2024,2024-11,2024-11-04/2024-11-10
2024-11-11,118.0,139.0,168.0,5963.0,145.0,True,6102.0,23.0,-3.3882203926535737,1,1,6285.428571428572,6311.785714285715,6294.8,0.8892419064213449,0.8630952380952381,2024,2024-11,2024-11-11/2024-11-17
2024-11-12,142.0,235.0,139.0,5975.0,138.0,True,6210.0,1.0,1.7699115044247815,1,2,6274.0,6299.428571428572,6297.933333333333,0.8436665915711324,0.9928057553956835,2024,2024-11,2024-11-11/2024-11-17
2024-11-13,148.0,245.0,175.0,5966.0,151.0,True,6211.0,24.0,0.016103059581329404,1,3,6255.285714285715,6284.142857142857,6300.0,0.7598975983573308,0.8628571428571429,2024,2024-11,2024-11-11/2024-11-17
2024-11-14,119.0,219.0,210.0,6025.0,172.0,True,6244.0,38.0,0.5313154081468374,1,4,6245.0,6273.428571428572,6300.766666666666,0.9007284033579751,0.819047619047619,2024,2024-11,2024-11-11/2024-11-17
2024-11-15,0.0,219.0,0.0,6025.0,0.0,False,6244.0,0.0,0.0,0,0,6234.714285714285,6262.714285714285,6298.2,0.9007284033579751,,2024,2024-11,2024-11-11/2024-11-17
2024-11-16,0.0,219.0,0.0,6025.0,0.0,False,6244.0,0.0,0.0,0,0,6224.428571428572,6252.0,6296.133333333333,0.9007284033579751,,2024,2024-11,2024-11-11/2024-11-17
2024-11-17,105.0,210.0,149.0,5816.0,195.0,True,6026.0,-46.0,-3.49135169762973,0,0,6183.0,6242.357142857143,6286.8,1.5406246615989383,1.308724832214765,2024,2024-11,2024-11-11/2024-11-17
2024-11-18,143.0,203.0,163.0,5819.0,138.0,True,6022.0,25.0,-0.06637902422834685,1,1,6171.571428571428,6228.5,6277.333333333333,1.429994270087889,0.8466257668711656,2024,2024-11,2024-11-18/2024-11-24
2024-11-19,119.0,209.0,152.0,5844.0,146.0,True,6053.0,6.0,0.5147791431418192,1,2,6149.142857142857,6211.571428571428,6272.633333333333,1.4468982487393485,0.9605263157894737,2024,2024-11,2024-11-18/2024-11-24
2024-11-20,155.0,212.0,181.0,5879.0,148.0,True,6091.0,33.0,0.6277878737815934,1,3,6132.0,6193.642857142857,6269.466666666666,1.4875661819268517,0.8176795580110497,2024,2024-11,2024-11-18/2024-11-24
2024-11-21,109.0,214.0,173.0,5850.0,210.0,True,6064.0,-37.0,-0.44327696601543787,0,0,6106.285714285715,6175.642857142857,6260.833333333333,1.3925863406741041,1.2138728323699421,2024,2024-11,2024-11-18/2024-11-24
2024-11-22,0.0,214.0,0.0,5850.0,0.0,False,6064.0,0.0,0.0,0,0,6080.571428571428,6157.642857142857,6250.6,1.3925863406741041,,2024,2024-11,2024-11-18/2024-11-24
2024-11-23,0.0,214.0,0.0,5850.0,0.0,False,6064.0,0.0,0.0,0,0,6054.857142857143,6139.642857142857,6240.366666666667,1.3925863406741041,,2024,2024-11,2024-11-18/2024-11-24
2024-11-24,191.0,283.0,192.0,5664.0,207.0,True,5947.0,-15.0,-1.9294195250659674,0,0,6043.571428571428,6113.285714285715,6226.233333333334,1.2869943539487523,1.078125,2024,2024-11,2024-11-18/2024-11-24
2024-11-25,170.0,297.0,196.0,5715.0,129.0,True,6012.0,67.0,1.0929880612073228,1,1,6042.142857142857,6106.857142857143,6214.266666666666,1.3706496381335243,0.6581632653061225,2024,2024-11,2024-11-25/2024-12-01
2024-11-26,152.0,272.0,214.0,5826.0,112.0,True,6098.0,102.0,1.4304723885562254,1,2,6048.571428571428,6098.857142857143,6207.966666666666,1.5961747506400528,0.5233644859813084,2024,2024-11,2024-11-25/2024-12-01
2024-11-27,239.0,367.0,224.0,5862.0,211.0,True,6229.0,13.0,2.1482453263365064,1,3,6068.285714285715,6100.142857142857,6206.266666666666,1.5974450962407623,0.9419642857142857,2024,2024-11,2024-11-25/2024-12-01
2024-11-28,113.0,280.0,237.0,5963.0,143.0,True,6243.0,94.0,0.224755177396041,1,4,6093.857142857143,6100.071428571428,6201.6,1.7063082045275513,0.6033755274261603,2024,2024-11,2024-11-25/2024-12-01
2024-11-29,0.0,280.0,0.0,5963.0,0.0,False,6243.0,0.0,0.0,0,0,6119.428571428572,6100.0,6195.533333333334,1.7063082045275513,,2024,2024-11,2024-11-25/2024-12-01
2024-11-30,0.0,280.0,0.0,5963.0,0.0,False,6243.0,0.0,0.0,0,0,6145.0,6099.928571428572,6190.5,1.7063082045275513,,2024,2024-11,2024-11-25/2024-12-01
2024-12-01,196.0,306.0,187.0,5986.0,149.0,True,6292.0,38.0,0.7848790645522907,1,1,6194.285714285715,6118.928571428572,6187.1,0.7801012032074052,0.7967914438502673,2024,2024-12,2024-11-25/2024-12-01
2024-12-02,236.0,330.0,222.0,6061.0,115.0,True,6391.0,107.0,1.573426573426584,1,2,6248.428571428572,6145.285714285715,6187.0,0.7991397213408661,0.5180180180180181,2024,2024-12,2024-12-02/2024-12-08
2024-12-03,81.0,230.0,242.0,6192.0,107.0,True,6422.0,135.0,0.48505711156312525,1,3,6294.714285714285,6171.642857142857,6195.7,0.8517915154373868,0.44214876033057854,2024,2024-12,2024-12-02/2024-12-08
2024-12-04,118.0,245.0,160.0,6269.0,115.0,True,6514.0,45.0,1.4325755216443525,1,4,6335.428571428572,6201.857142857143,6205.633333333333,0.8528649721608276,0.71875,2024,2024-12,2024-12-02/2024-12-08
2024-12-05,218.0,283.0,208.0,6310.0,150.0,True,6593.0,58.0,1.2127724900214965,1,5,6385.428571428572,6239.642857142857,6215.733333333334,0.7881153719129435,0.7211538461538461,2024,2024-12,2024-12-02/2024-12-08
2024-12-06,0.0,283.0,0.0,6310.0,0.0,False,6593.0,0.0,0.0,0,0,6435.428571428572,6277.428571428572,6224.1,0.7881153719129435,,2024,2024-12,2024-12-02/2024-12-08
2024-12-07,0.0,283.0,0.0,6310.0,0.0,False,6593.0,0.0,0.0,0,0,6485.428571428572,6315.214285714285,6233.333333333333,0.7881153719129435,,2024,2024-12,2024-12-02/2024-12-08
2024-12-08,132.0,243.0,183.0,6286.0,172.0,True,6529.0,11.0,-0.9707265281359012,1,1,6519.285714285715,6356.785714285715,6240.433333333333,0.9023911101395851,0.9398907103825137,2024,2024-12,2024-12-02/2024-12-08
2024-12-09,224.0,315.0,152.0,6268.0,174.0,True,6583.0,-22.0,0.8270791851738402,0,0,6546.714285714285,6397.571428571428,6249.333333333333,0.9334870265647452,1.144736842105263,2024,2024-12,2024-12-09/2024-12-15
2024-12-10,167.0,326.0,213.0,6310.0,149.0,True,6636.0,64.0,0.8051040559015732,1,1,6577.285714285715,6436.0,6260.0,0.5963170018901884,0.6995305164319249,2024,2024-12,2024-12-09/2024-12-15
2024-12-11,209.0,353.0,232.0,6402.0,152.0,True,6755.0,80.0,1.793248945147674,1,2,6611.714285714285,6473.571428571428,6281.766666666666,0.657000148548247,0.6551724137931034,2024,2024-12,2024-12-09/2024-12-15
2024-12-12,153.0,253.0,286.0,6481.0,194.0,True,6734.0,92.0,-0.31088082901554737,1,3,6631.857142857143,6508.642857142857,6299.233333333334,0.7400792729295949,0.6783216783216783,2024,2024-12,2024-12-09/2024-12-15
2024-12-13,0.0,253.0,0.0,6481.0,0.0,False,6734.0,0.0,0.0,0,0,6652.0,6543.714285714285,6316.666666666667,0.7400792729295949,,2024,2024-12,2024-12-09/2024-12-15
2024-12-14,0.0,253.0,0.0,6481.0,0.0,False,6734.0,0.0,0.0,0,0,6672.142857142857,6578.785714285715,6333.0,0.7400792729295949,,2024,2024-12,2024-12-09/2024-12-15
2024-12-15,180.0,337.0,219.0,6408.0,224.0,True,6745.0,-5.0,0.16335016335016217,0,0,6703.0,6611.142857142857,6349.7,0.9041896569645493,1.0228310502283104,2024,2024-12,2024-12-09/2024-12-15
2024-12-16,133.0,287.0,189.0,6454.0,149.0,True,6741.0,40.0,-0.05930318754633346,1,1,6725.571428571428,6636.142857142857,6366.266666666666,0.8789494375063456,0.7883597883597884,2024,2024-12,2024-12-16/2024-12-22
2024-12-17,187.0,310.0,247.0,6506.0,151.0,True,6816.0,96.0,1.1125945705384943,1,2,6751.285714285715,6664.285714285715,6392.6,0.8867910875486603,0.611336032388664,2024,2024-12,2024-12-16/2024-12-22
2024-12-18,168.0,285.0,210.0,6598.0,134.0,True,6883.0,76.0,0.9829812206572752,1,3,6769.571428571428,6690.642857142857,6421.3,0.8785148653566961,0.638095238095238,2024,2024-12,2024-12-16/2024-12-22
2024-12-19,269.0,412.0,204.0,6600.0,238.0,True,7012.0,-34.0,1.8741827691413526,0,0,6809.285714285715,6720.571428571428,6453.266666666666,0.8112982126711962,1.1666666666666667,2024,2024-12,2024-12-16/2024-12-22
2024-12-20,0.0,412.0,0.0,6600.0,0.0,False,7012.0,0.0,0.0,0,0,6849.0,6750.5,6483.966666666666,0.8112982126711962,,2024,2024-12,2024-12-16/2024-12-22
2024-12-21,0.0,412.0,0.0,6600.0,0.0,False,7012.0,0.0,0.0,0,0,6888.714285714285,6780.428571428572,6515.566666666667,0.8112982126711962,,2024,2024-12,2024-12-16/2024-12-22
2024-12-22,100.0,255.0,236.0,6595.0,268.0,True,6850.0,-32.0,-2.310325156873927,0,0,6903.714285714285,6803.357142857143,6541.766666666666,0.5738439723505582,1.1355932203389831,2024,2024-12,2024-12-16/2024-12-22
2024-12-23,205.0,294.0,177.0,6548.0,231.0,True,6842.0,-54.0,-0.11678832116788218,0,0,6918.142857142857,6821.857142857143,6567.7,0.690181913084802,1.305084745762712,2024,2024-12,2024-12-23/2024-12-29
2024-12-24,161.0,304.0,211.0,6622.0,155.0,True,6926.0,56.0,1.2277111955568465,1,1,6933.857142857143,6842.571428571428,6600.333333333333,0.7456089236041105,0.7345971563981043,2024,2024-12,2024-12-23/2024-12-29
2024-12-25,57.0,162.0,193.0,6689.0,107.0,True,6851.0,86.0,-1.082876118971987,1,2,6929.285714285715,6849.428571428572,6628.3,0.6508775928518387,0.5544041450777202,2024,2024-12,2024-12-23/2024-12-29
2024-12-26,80.0,122.0,152.0,6707.0,135.0,True,6829.0,17.0,-0.3211210042329604,1,3,6903.142857142857,6856.214285714285,6652.666666666667,0.6468888328559632,0.8881578947368421,2024,2024-12,2024-12-23/2024-12-29
2024-12-27,0.0,122.0,0.0,6707.0,0.0,False,6829.0,0.0,0.0,0,0,6877.0,6863.0,6672.666666666667,0.6468888328559632,,2024,2024-12,2024-12-23/2024-12-29
2024-12-28,0.0,122.0,0.0,6707.0,0.0,False,6829.0,0.0,0.0,0,0,6850.857142857143,6869.785714285715,6692.2,0.6468888328559632,,2024,2024-12,2024-12-23/2024-12-29
2024-12-29,107.0,170.0,133.0,6465.0,216.0,True,6635.0,-83.0,-2.8408258895885163,0,0,6820.142857142857,6861.928571428572,6705.266666666666,1.6009884854975585,1.6240601503759398,2024,2024-12,2024-12-23/2024-12-29
2024-12-30,99.0,156.0,139.0,6454.0,177.0,True,6610.0,-38.0,-0.37678975131876236,0,0,6787.0,6852.571428571428,6717.5,1.5892364840147593,1.2733812949640289,2024,2024-12,2024-12-30/2025-01-05
2024-12-31,0.0,156.0,0.0,6454.0,0.0,False,6610.0,0.0,0.0,0,0,6741.857142857143,6837.857142857143,6728.1,1.4862102736081149,,2024,2024-12,2024-12-30/2025-01-05
2025-01-01,25.0,66.0,94.0,6405.0,144.0,True,6471.0,-50.0,-2.1028744326777593,0,0,6687.571428571428,6808.428571428572,6730.766666666666,1.3597718963670866,1.5319148936170213,2025,2025-01,2024-12-30/2025-01-05
2025-01-02,35.0,70.0,53.0,6292.0,170.0,True,6362.0,-117.0,-1.6844382630196275,0,0,6620.857142857143,6762.0,6728.766666666666,1.3579159550537496,3.207547169811321,2025,2025-01,2024-12-30/2025-01-05
2025-01-03,0.0,70.0,0.0,6292.0,0.0,False,6362.0,0.0,0.0,0,0,6554.142857142857,6715.571428571428,6723.7,1.3579159550537496,,2025,2025-01,2024-12-30/2025-01-05
2025-01-04,0.0,70.0,0.0,6292.0,0.0,False,6362.0,0.0,0.0,0,0,6487.428571428572,6669.142857142857,6716.0,1.3579159550537496,,2025,2025-01,2024-12-30/2025-01-05
2025-01-05,43.0,73.0,64.0,5882.0,185.0,True,5955.0,-121.0,-6.397359320968254,0,0,6390.285714285715,6605.214285714285,6694.733333333334,2.3826341061891223,2.890625,2025,2025-01,2024-12-30/2025-01-05
2025-01-06,41.0,60.0,71.0,5769.0,190.0,True,5829.0,-119.0,-2.1158690176322437,0,0,6278.714285714285,6532.857142857143,6669.266666666666,2.3337366812650453,2.676056338028169,2025,2025-01,2025-01-06/2025-01-12
2025-01-07,65.0,83.0,65.0,5703.0,133.0,True,5786.0,-68.0,-0.7376908560645101,0,0,6161.0,6451.428571428572,6644.5,2.2441430564548996,2.046153846153846,2025,2025-01,2025-01-06/2025-01-12
2025-01-08,38.0,80.0,82.0,5605.0,184.0,True,5685.0,-102.0,-1.7455928102315887,0,0,6048.714285714285,6368.142857142857,6614.566666666667,2.203965035785112,2.2439024390243905,2025,2025-01,2025-01-06/2025-01-12
2025-01-09,56.0,82.0,68.0,5507.0,164.0,True,5589.0,-96.0,-1.6886543535620024,0,0,5938.285714285715,6279.571428571428,6579.666666666667,2.204095110686022,2.411764705882353,2025,2025-01,2025-01-06/2025-01-12
2025-01-10,0.0,82.0,0.0,5507.0,0.0,False,5589.0,0.0,0.0,0,0,5827.857142857143,6191.0,6540.8,2.204095110686022,,2025,2025-01,2025-01-06/2025-01-12
2025-01-11,0.0,82.0,0.0,5507.0,0.0,False,5589.0,0.0,0.0,0,0,5717.428571428572,6102.428571428572,6502.633333333333,2.204095110686022,,2025,2025-01,2025-01-06/2025-01-12
2025-01-12,74.0,103.0,80.0,5092.0,235.0,True,5195.0,-155.0,-7.049561638933621,0,0,5608.857142857143,5999.571428571428,6451.333333333333,2.566664235408897,2.9375,2025,2025-01,2025-01-06/2025-01-12
2025-01-13,68.0,107.0,102.0,5019.0,181.0,True,5126.0,-79.0,-1.3282001924927789,0,0,5508.428571428572,5893.571428571428,6397.733333333334,2.576064670370552,1.7745098039215685,2025,2025-01,2025-01-13/2025-01-19
2025-01-14,92.0,124.0,93.0,4957.0,139.0,True,5081.0,-46.0,-0.877877487319545,0,0,5407.714285714285,5784.357142857143,6342.266666666666,2.5715918087244267,1.4946236559139785,2025,2025-01,2025-01-13/2025-01-19
2025-01-15,113.0,162.0,107.0,4903.0,164.0,True,5065.0,-57.0,-0.3148986419996058,0,0,5319.142857142857,5683.928571428572,6286.4,2.592068450963347,1.5327102803738317,2025,2025-01,2025-01-13/2025-01-19
2025-01-16,106.0,196.0,131.0,4881.0,159.0,True,5077.0,-28.0,0.23692003948667661,0,0,5246.0,5592.142857142857,6228.433333333333,2.6476178997036537,1.213740458015267,2025,2025-01,2025-01-13/2025-01-19
2025-01-17,0.0,196.0,0.0,4881.0,0.0,False,5077.0,0.0,0.0,0,0,5172.857142857143,5500.357142857143,6168.233333333334,2.6476178997036537,,2025,2025-01,2025-01-13/2025-01-19
2025-01-18,0.0,196.0,0.0,4881.0,0.0,False,5077.0,0.0,0.0,0,0,5099.714285714285,5408.571428571428,6103.733333333334,2.6476178997036537,,2025,2025-01,2025-01-13/2025-01-19
2025-01-19,86.0,152.0,168.0,4628.0,176.0,True,4780.0,-8.0,-5.849911364979321,0,0,5040.428571428572,5324.642857142857,6029.333333333333,1.7906973003920217,1.0476190476190477,2025,2025-01,2025-01-13/2025-01-19
2025-01-20,84.0,118.0,136.0,4638.0,127.0,True,4756.0,9.0,-0.5020920502092019,1,1,4987.571428571428,5248.0,5954.133333333333,1.8827412662557583,0.9338235294117647,2025,2025-01,2025-01-20/2025-01-26
2025-01-21,59.0,64.0,117.0,4728.0,54.0,True,4792.0,63.0,0.7569386038688064,1,2,4946.285714285715,5177.0,5885.533333333334,2.201917991478873,0.46153846153846156,2025,2025-01,2025-01-20/2025-01-26
2025-01-22,62.0,97.0,52.0,4717.0,83.0,True,4814.0,-31.0,0.45909849749583564,0,0,4910.428571428572,5114.785714285715,5817.933333333333,2.1973687623969127,1.5961538461538463,2025,2025-01,2025-01-20/2025-01-26
2025-01-23,91.0,75.0,97.0,4621.0,174.0,True,4696.0,-77.0,-2.451184046530952,0,0,4856.0,5051.0,5743.6,2.268290198388045,1.7938144329896908,2025,2025-01,2025-01-20/2025-01-26
2025-01-24,0.0,75.0,0.0,4621.0,0.0,False,4696.0,0.0,0.0,0,0,4801.571428571428,4987.214285714285,5671.766666666666,2.268290198388045,,2025,2025-01,2025-01-20/2025-01-26
2025-01-25,0.0,75.0,0.0,4621.0,0.0,False,4696.0,0.0,0.0,0,0,4747.142857142857,4923.428571428572,5600.666666666667,2.268290198388045,,2025,2025-01,2025-01-20/2025-01-26
2025-01-26,29.0,51.0,11.0,4241.0,182.0,True,4292.0,-171.0,-8.603066439523,0,0,4677.428571428572,4858.928571428572,5516.1,3.3092745183980954,16.545454545454547,2025,2025-01,2025-01-20/2025-01-26
2025-01-27,33.0,53.0,34.0,4161.0,127.0,True,4214.0,-93.0,-1.817334575955265,0,0,4600.0,4793.785714285715,5428.933333333333,3.255288350338956,3.735294117647059,2025,2025-01,2025-01-27/2025-02-02
2025-01-28,32.0,49.0,39.0,4096.0,101.0,True,4145.0,-62.0,-1.6373991457047987,0,0,4507.571428571428,4726.928571428572,5345.933333333333,2.888445023051155,2.58974358974359,2025,2025-01,2025-01-27/2025-02-02
2025-01-29,32.0,50.0,39.0,4036.0,99.0,True,4086.0,-60.0,-1.423401688781667,0,0,4403.571428571428,4657.0,5261.8,2.79958110244039,2.5384615384615383,2025,2025-01,2025-01-27/2025-02-02
2025-01-30,47.0,42.0,47.0,3923.0,159.0,True,3965.0,-112.0,-2.961331375428289,0,0,4299.142857142857,4577.571428571428,5173.633333333333,2.8084649701974986,3.382978723404255,2025,2025-01,2025-01-27/2025-02-02
2025-01-31,0.0,42.0,0.0,3923.0,0.0,False,3965.0,0.0,0.0,0,0,4194.714285714285,4498.142857142857,5090.1,2.8084649701974986,,2025,2025-01,2025-01-27/2025-02-02
2025-02-01,0.0,42.0,0.0,3923.0,0.0,False,3965.0,0.0,0.0,0,0,4090.285714285714,4418.714285714285,5010.2,2.8084649701974986,,2025,2025-02,2025-01-27/2025-02-02
2025-02-02,20.0,22.0,41.0,3483.0,168.0,True,3505.0,-127.0,-11.601513240857509,0,0,3977.8571428571427,4327.642857142857,4914.966666666666,3.8857195879878175,4.097560975609756,2025,2025-02,2025-01-27/2025-02-02
2025-02-03,23.0,45.0,11.0,3403.0,102.0,True,3448.0,-91.0,-1.6262482168330927,0,0,3868.4285714285716,4234.214285714285,4817.833333333333,3.874401105065211,9.272727272727273,2025,2025-02,2025-02-03/2025-02-09
2025-02-04,34.0,54.0,29.0,3359.0,74.0,True,3413.0,-45.0,-1.0150812064965153,0,0,3763.8571428571427,4135.714285714285,4733.1,3.8896081508109686,2.5517241379310347,2025,2025-02,2025-02-03/2025-02-09
2025-02-05,26.0,36.0,36.0,3290.0,104.0,True,3326.0,-68.0,-2.5490770583064704,0,0,3655.285714285714,4029.4285714285716,4649.666666666667,3.8640968945102125,2.888888888888889,2025,2025-02,2025-02-03/2025-02-09
2025-02-06,25.0,32.0,27.0,3181.0,145.0,True,3213.0,-118.0,-3.397474443776305,0,0,3547.8571428571427,3923.5,4563.9,3.8687705670166848,5.37037037037037,2025,2025-02,2025-02-03/2025-02-09
2025-02-07,0.0,32.0,0.0,3181.0,0.0,False,3213.0,0.0,0.0,0,0,3440.4285714285716,3817.5714285714284,4481.5,3.8687705670166848,,2025,2025-02,2025-02-03/2025-02-09
2025-02-08,0.0,32.0,0.0,3181.0,0.0,False,3213.0,0.0,0.0,0,0,3333.0,3711.6428571428573,4402.3,3.8687705670166848,,2025,2025-02,2025-02-03/2025-02-09
2025-02-09,15.0,13.0,23.0,2878.0,99.0,True,2891.0,-76.0,-10.02178649237473,0,0,3245.285714285714,3611.5714285714284,4312.366666666667,3.267900935910758,4.304347826086956,2025,2025-02,2025-02-03/2025-02-09
2025-02-10,16.0,18.0,15.0,2834.0,63.0,True,2852.0,-48.0,-1.3490141819439638,0,0,3160.1428571428573,3514.285714285714,4221.133333333333,3.294142774974066,4.2,2025,2025-02,2025-02-10/2025-02-16
2025-02-11,11.0,22.0,12.0,2799.0,50.0,True,2821.0,-38.0,-1.0869565217391353,0,0,3075.5714285714284,3419.714285714286,4142.0,3.2978437779964667,4.166666666666667,2025,2025-02,2025-02-10/2025-02-16
2025-02-12,16.0,20.0,20.0,2752.0,66.0,True,2772.0,-46.0,-1.7369727047146455,0,0,2996.4285714285716,3325.8571428571427,4063.5333333333333,3.309741075399893,3.3,2025,2025-02,2025-02-10/2025-02-16
2025-02-13,15.0,10.0,23.0,2703.0,72.0,True,2713.0,-49.0,-2.128427128427124,0,0,2925.0,3236.4285714285716,3984.6,3.295239721656367,3.130434782608696,2025,2025-02,2025-02-10/2025-02-16
2025-02-14,0.0,10.0,0.0,2703.0,0.0,False,2713.0,0.0,0.0,0,0,2853.5714285714284,3147.0,3906.2,3.295239721656367,,2025,2025-02,2025-02-10/2025-02-16
2025-02-15,0.0,10.0,0.0,2703.0,0.0,False,2713.0,0.0,0.0,0,0,2782.1428571428573,3057.5714285714284,3827.4,3.295239721656367,,2025,2025-02,2025-02-10/2025-02-16
2025-02-16,0.0,10.0,0.0,2703.0,0.0,False,2713.0,0.0,0.0,0,0,2756.714285714286,3001.0,3748.6,0.8484554677616768,,2025,2025-02,2025-02-10/2025-02-16
2025-02-17,8.0,17.0,14.0,2532.0,15.0,True,2549.0,-1.0,-6.044968669369699,0,0,2713.4285714285716,2936.785714285714,3664.3333333333335,2.242968734498015,1.0714285714285714,2025,2025-02,2025-02-17/2025-02-23
2025-02-18,18.0,19.0,11.0,2536.0,9.0,True,2555.0,2.0,0.23538642604943316,1,1,2675.4285714285716,2875.5,3590.1666666666665,2.3378863827192022,0.8181818181818182,2025,2025-02,2025-02-17/2025-02-23
2025-02-19,12.0,17.0,17.0,2528.0,19.0,True,2545.0,-2.0,-0.3913894324853229,0,0,2643.0,2819.714285714286,3516.4666666666667,2.365019034028638,1.1176470588235294,2025,2025-02,2025-02-17/2025-02-23
2025-02-20,13.0,25.0,15.0,2520.0,32.0,True,2545.0,-17.0,0.0,0,0,2619.0,2772.0,3441.5666666666666,2.3678597566780124,2.1333333333333333,2025,2025-02,2025-02-17/2025-02-23
2025-02-21,0.0,25.0,0.0,2520.0,0.0,False,2545.0,0.0,0.0,0,0,2595.0,2724.285714285714,3365.9333333333334,2.3678597566780124,,2025,2025-02,2025-02-17/2025-02-23
2025-02-22,0.0,25.0,0.0,2520.0,0.0,False,2545.0,0.0,0.0,0,0,2571.0,2676.5714285714284,3294.233333333333,2.3678597566780124,,2025,2025-02,2025-02-17/2025-02-23
2025-02-23,7.0,16.0,8.0,2423.0,35.0,True,2439.0,-27.0,-4.165029469548132,0,0,2531.8571428571427,2644.285714285714,3219.0,2.544981995568986,4.375,2025,2025-02,2025-02-17/2025-02-23
2025-02-24,20.0,22.0,14.0,2413.0,24.0,True,2435.0,-10.0,-0.16400164001639794,0,0,2515.5714285714284,2614.5,3143.633333333333,1.414643147758953,1.7142857142857142,2025,2025-02,2025-02-24/2025-03-02
2025-02-25,11.0,7.0,7.0,2413.0,23.0,True,2420.0,-16.0,-0.6160164271047264,0,0,2496.285714285714,2585.8571428571427,3081.233333333333,1.4002981290304684,3.2857142857142856,2025,2025-02,2025-02-24/2025-03-02
2025-02-26,12.0,21.0,1.0,2411.0,23.0,True,2432.0,-22.0,0.49586776859504855,0,0,2480.1428571428573,2561.5714285714284,3021.8333333333335,1.413614203068291,23.0,2025,2025-02,2025-02-24/2025-03-02
2025-02-27,10.0,15.0,17.0,2391.0,37.0,True,2406.0,-20.0,-1.0690789473684181,0,0,2460.285714285714,2539.6428571428573,2963.866666666667,1.4057556738217565,2.176470588235294,2025,2025-02,2025-02-24/2025-03-02
2025-02-28,0.0,15.0,0.0,2391.0,0.0,False,2406.0,0.0,0.0,0,0,2440.4285714285716,2517.714285714286,2907.866666666667,1.4057556738217565,,2025,2025-02,2025-02-24/2025-03-02
2025-03-01,0.0,15.0,0.0,2391.0,0.0,False,2406.0,0.0,0.0,0,0,2420.5714285714284,2495.785714285714,2855.9,1.4057556738217565,,2025,2025-03,2025-02-24/2025-03-02
2025-03-02,12.0,24.0,4.0,2297.0,31.0,True,2321.0,-27.0,-3.5328345802161265,0,0,2403.714285714286,2467.785714285714,2801.1,1.4360821706862739,7.75,2025,2025-03,2025-02-24/2025-03-02
2025-03-03,8.0,29.0,18.0,2287.0,25.0,True,2316.0,-7.0,-0.21542438604049696,0,0,2386.714285714286,2451.1428571428573,2746.133333333333,1.4352187591684278,1.3888888888888888,2025,2025-03,2025-03-03/2025-03-09
2025-03-04,4.0,25.0,10.0,2272.0,30.0,True,2297.0,-20.0,-0.8203799654576849,0,0,2369.1428571428573,2432.714285714286,2705.866666666667,1.3987228735478263,3.0,2025,2025-03,2025-03-03/2025-03-09
2025-03-05,5.0,20.0,4.0,2238.0,40.0,True,2258.0,-36.0,-1.6978667827601268,0,0,2344.285714285714,2412.214285714286,2666.2,1.3716531261100888,10.0,2025,2025-03,2025-03-03/2025-03-09
2025-03-06,7.0,27.0,6.0,2218.0,33.0,True,2245.0,-27.0,-0.5757307351638596,0,0,2321.285714285714,2390.785714285714,2627.266666666667,1.3701501375887626,5.5,2025,2025-03,2025-03-03/2025-03-09
2025-03-07,0.0,27.0,0.0,2218.0,0.0,False,2245.0,0.0,0.0,0,0,2298.285714285714,2369.3571428571427,2591.233333333333,1.3701501375887626,,2025,2025-03,2025-03-03/2025-03-09
2025-03-08,0.0,27.0,0.0,2218.0,0.0,False,2245.0,0.0,0.0,0,0,2275.285714285714,2347.9285714285716,2558.9666666666667,1.3701501375887626,,2025,2025-03,2025-03-03/2025-03-09
2025-03-09,12.0,25.0,15.0,2137.0,30.0,True,2162.0,-15.0,-3.697104677060137,0,0,2252.5714285714284,2328.1428571428573,2523.9333333333334,1.2731383583770135,2.0,2025,2025-03,2025-03-03/2025-03-09
2025-03-10,6.0,28.0,8.0,2125.0,23.0,True,2153.0,-15.0,-0.4162812210915856,0,0,2229.285714285714,2308.0,2488.6,1.264359497460558,2.875,2025,2025-03,2025-03-10/2025-03-16
2025-03-11,3.0,11.0,7.0,2116.0,20.0,True,2127.0,-13.0,-1.207617278216444,0,0,2205.0,2287.0714285714284,2463.133333333333,1.2789998772542834,2.857142857142857,2025,2025-03,2025-03-10/2025-03-16
2025-03-12,6.0,18.0,2.0,2113.0,8.0,True,2131.0,-6.0,0.18805829807240215,0,0,2186.8571428571427,2265.5714285714284,2439.1,1.2944387009121257,4.0,2025,2025-03,2025-03-10/2025-03-16
2025-03-13,4.0,20.0,9.0,2116.0,6.0,True,2136.0,3.0,0.2346316283434957,1,1,2171.285714285714,2246.285714285714,2416.266666666667,1.341652880102271,0.6666666666666666,2025,2025-03,2025-03-10/2025-03-16
2025-03-14,0.0,20.0,0.0,2116.0,0.0,False,2136.0,0.0,0.0,0,0,2155.714285714286,2227.0,2395.0666666666666,1.341652880102271,,2025,2025-03,2025-03-10/2025-03-16
2025-03-15,0.0,20.0,0.0,2116.0,0.0,False,2136.0,0.0,0.0,0,0,2140.1428571428573,2207.714285714286,2375.8333333333335,1.341652880102271,,2025,2025-03,2025-03-10/2025-03-16
2025-03-16,1.0,9.0,8.0,2117.0,5.0,True,2126.0,3.0,-0.46816479400748623,1,1,2135.0,2193.785714285714,2356.266666666667,0.26191747994377174,0.625,2025,2025-03,2025-03-10/2025-03-16
2025-03-17,5.0,14.0,0.0,2111.0,8.0,True,2125.0,-8.0,-0.04703668861711918,0,0,2131.0,2180.1428571428573,2336.6666666666665,0.20002653482824942,,2025,2025-03,2025-03-17/2025-03-23
2025-03-18,19.0,34.0,6.0,2109.0,8.0,True,2143.0,-2.0,0.8470588235294008,0,0,2133.285714285714,2169.1428571428573,2317.6666666666665,0.13914707340318305,1.3333333333333333,2025,2025-03,2025-03-17/2025-03-23
2025-03-19,6.0,22.0,14.0,2119.0,9.0,True,2141.0,5.0,-0.09332711152589823,1,1,2134.714285714286,2160.785714285714,2304.0666666666666,0.23270068119458726,0.6428571428571429,2025,2025-03,2025-03-17/2025-03-23
2025-03-20,9.0,20.0,11.0,2124.0,7.0,True,2144.0,4.0,0.14012143858010973,1,2,2135.8571428571427,2153.5714285714284,2290.366666666667,0.2420386334668349,0.6363636363636364,2025,2025-03,2025-03-17/2025-03-23
2025-03-21,0.0,20.0,0.0,2124.0,0.0,False,2144.0,0.0,0.0,0,0,2137.0,2146.3571428571427,2277.0,0.2420386334668349,,2025,2025-03,2025-03-17/2025-03-23
2025-03-22,0.0,20.0,0.0,2124.0,0.0,False,2144.0,0.0,0.0,0,0,2138.1428571428573,2139.1428571428573,2263.633333333333,0.2420386334668349,,2025,2025-03,2025-03-17/2025-03-23
2025-03-23,15.0,29.0,9.0,2136.0,2.0,True,2165.0,7.0,0.9794776119403048,1,1,2143.714285714286,2139.3571428571427,2250.9666666666667,0.30932009522767406,0.2222222222222222,2025,2025-03,2025-03-17/2025-03-23
2025-03-24,7.0,13.0,11.0,2139.0,7.0,True,2152.0,4.0,-0.6004618937644368,1,2,2147.5714285714284,2139.285714285714,2237.866666666667,0.25139053885911117,0.6363636363636364,2025,2025-03,2025-03-24/2025-03-30
2025-03-25,12.0,19.0,7.0,2145.0,6.0,True,2164.0,1.0,0.5576208178438735,1,3,2150.5714285714284,2141.9285714285716,2228.7,0.21877205984061002,0.8571428571428571,2025,2025-03,2025-03-24/2025-03-30
2025-03-26,9.0,21.0,15.0,2159.0,2.0,True,2180.0,13.0,0.7393715341959428,1,4,2156.1428571428573,2145.4285714285716,2220.2,0.2573166627427086,0.13333333333333333,2025,2025-03,2025-03-24/2025-03-30
2025-03-27,1.0,19.0,13.0,2159.0,2.0,True,2178.0,11.0,-0.09174311926605228,1,5,2161.0,2148.4285714285716,2212.133333333333,0.276892924770624,0.15384615384615385,2025,2025-03,2025-03-24/2025-03-30
2025-03-28,0.0,19.0,0.0,2159.0,0.0,False,2178.0,0.0,0.0,0,0,2165.8571428571427,2151.4285714285716,2203.6666666666665,0.276892924770624,,2025,2025-03,2025-03-24/2025-03-30
2025-03-29,0.0,19.0,0.0,2159.0,0.0,False,2178.0,0.0,0.0,0,0,2170.714285714286,2154.4285714285716,2196.0666666666666,0.276892924770624,,2025,2025-03,2025-03-24/2025-03-30
2025-03-30,9.0,20.0,5.0,2188.0,2.0,True,2208.0,3.0,1.377410468319562,1,1,2176.8571428571427,2160.285714285714,2189.4666666666667,0.49902814465819295,0.4,2025,2025-03,2025-03-24/2025-03-30
2025-03-31,9.0,25.0,8.0,2193.0,5.0,True,2218.0,3.0,0.45289855072463414,1,2,2186.285714285714,2166.9285714285716,2183.2,0.49408953351518314,0.625,2025,2025-03,2025-03-31/2025-04-06
2025-04-01,17.0,36.0,7.0,2191.0,12.0,True,2227.0,-5.0,0.4057709648331853,0,0,2195.285714285714,2172.9285714285716,2180.0666666666666,0.5229194971413257,1.7142857142857142,2025,2025-04,2025-03-31/2025-04-06
2025-04-02,5.0,31.0,16.0,2208.0,3.0,True,2239.0,13.0,0.5388414907947947,1,1,2203.714285714286,2179.9285714285716,2177.5,0.5384280979397145,0.1875,2025,2025-04,2025-03-31/2025-04-06
2025-04-03,12.0,26.0,18.0,2223.0,8.0,True,2249.0,10.0,0.44662795891021734,1,2,2213.8571428571427,2187.4285714285716,2175.9,0.5318268965882011,0.4444444444444444,2025,2025-04,2025-03-31/2025-04-06
2025-04-04,0.0,26.0,0.0,2223.0,0.0,False,2249.0,0.0,0.0,0,0,2224.0,2194.9285714285716,2175.6,0.5318268965882011,,2025,2025-04,2025-03-31/2025-04-06
2025-04-05,0.0,26.0,0.0,2223.0,0.0,False,2249.0,0.0,0.0,0,0,2234.1428571428573,2202.4285714285716,2175.733333333333,0.5318268965882011,,2025,2025-04,2025-03-31/2025-04-06
2025-04-06,7.0,14.0,7.0,2234.0,11.0,True,2248.0,-4.0,-0.04446420631392112,0,0,2239.8571428571427,2208.3571428571427,2175.8333333333335,0.3527199304575213,1.5714285714285714,2025,2025-04,2025-03-31/2025-04-06
2025-04-07,12.0,22.0,9.0,2237.0,5.0,True,2259.0,4.0,0.48932384341637825,1,1,2245.714285714286,2216.0,2176.3,0.3575870832123972,0.5555555555555556,2025,2025-04,2025-04-07/2025-04-13
2025-04-08,12.0,34.0,12.0,2243.0,9.0,True,2277.0,3.0,0.7968127490039834,1,2,2252.8571428571427,2224.0714285714284,2180.133333333333,0.31825072268298493,0.75,2025,2025-04,2025-04-07/2025-04-13
2025-04-09,6.0,19.0,10.0,2251.0,5.0,True,2270.0,5.0,-0.30742204655248573,1,3,2257.285714285714,2230.5,2184.0333333333333,0.2548123668599548,0.5,2025,2025-04,2025-04-07/2025-04-13
2025-04-10,18.0,25.0,17.0,2265.0,6.0,True,2290.0,11.0,0.8810572687224738,1,4,2263.1428571428573,2238.5,2189.4666666666667,0.24017924536273405,0.35294117647058826,2025,2025-04,2025-04-07/2025-04-13
2025-04-11,8.0,22.0,8.0,2267.0,9.0,True,2289.0,-1.0,-0.04366812227074579,0,0,2268.8571428571427,2246.4285714285716,2194.733333333333,0.2256368895614893,1.125,2025,2025-04,2025-04-07/2025-04-13
2025-04-12,0.0,22.0,0.0,2267.0,0.0,False,2289.0,0.0,0.0,0,0,2274.5714285714284,2254.3571428571427,2199.8333333333335,0.2256368895614893,,2025,2025-04,2025-04-07/2025-04-13
2025-04-13,5.0,26.0,10.0,2283.0,3.0,True,2309.0,7.0,0.8737439930100566,1,1,2283.285714285714,2261.5714285714284,2205.6,0.2689473039622085,0.3,2025,2025-04,2025-04-07/2025-04-13
2025-04-14,5.0,26.0,9.0,2282.0,13.0,True,2308.0,-4.0,-0.04330879168471524,0,0,2290.285714285714,2268.0,2211.3333333333335,0.29553076431371456,1.4444444444444444,2025,2025-04,2025-04-14/2025-04-20
2025-04-15,4.0,19.0,12.0,2286.0,7.0,True,2305.0,5.0,-0.12998266897746857,1,1,2294.285714285714,2273.5714285714284,2217.3,0.2984985867392508,0.5833333333333334,2025,2025-04,2025-04-14/2025-04-20
2025-04-16,11.0,30.0,5.0,2291.0,8.0,True,2321.0,-3.0,0.694143167028205,0,0,2301.5714285714284,2279.4285714285716,2223.8333333333335,0.29652633845708737,1.6,2025,2025-04,2025-04-14/2025-04-20
2025-04-17,7.0,26.0,10.0,2288.0,14.0,True,2314.0,-4.0,-0.30159414045669575,0,0,2305.0,2284.0714285714284,2229.5333333333333,0.27594000464612634,1.4,2025,2025-04,2025-04-14/2025-04-20
2025-04-18,0.0,26.0,0.0,2288.0,0.0,False,2314.0,0.0,0.0,0,0,2308.5714285714284,2288.714285714286,2235.3,0.28092456040645575,,2025,2025-04,2025-04-14/2025-04-20
2025-04-19,0.0,26.0,0.0,2288.0,0.0,False,2314.0,0.0,0.0,0,0,2312.1428571428573,2293.3571428571427,2240.9666666666667,0.28092456040645575,,2025,2025-04,2025-04-14/2025-04-20
2025-04-20,4.0,15.0,6.0,2305.0,4.0,True,2320.0,2.0,0.2592912705272177,1,1,2313.714285714286,2298.5,2246.8333333333335,0.2936580598443202,0.6666666666666666,2025,2025-04,2025-04-14/2025-04-20
2025-04-21,10.0,25.0,5.0,2308.0,6.0,True,2333.0,-1.0,0.5603448275862011,0,0,2317.285714285714,2303.785714285714,2253.133333333333,0.28292599959469683,1.2,2025,2025-04,2025-04-21/2025-04-27
2025-04-22,7.0,19.0,14.0,2305.0,17.0,True,2324.0,-3.0,-0.385769395627944,0,0,2320.0,2307.1428571428573,2258.4333333333334,0.30338124116816717,1.2142857142857142,2025,2025-04,2025-04-21/2025-04-27
2025-04-23,3.0,23.0,4.0,2300.0,11.0,True,2323.0,-7.0,-0.0430292598967319,0,0,2320.285714285714,2310.9285714285716,2264.133333333333,0.3234634258715374,2.75,2025,2025-04,2025-04-21/2025-04-27
2025-04-24,3.0,9.0,7.0,2294.0,13.0,True,2303.0,-6.0,-0.860955660783469,0,0,2318.714285714286,2311.8571428571427,2268.766666666667,0.339347421919223,1.8571428571428572,2025,2025-04,2025-04-21/2025-04-27
2025-04-25,0.0,9.0,0.0,2294.0,0.0,False,2303.0,0.0,0.0,0,0,2317.1428571428573,2312.8571428571427,2272.866666666667,0.339347421919223,,2025,2025-04,2025-04-21/2025-04-27
2025-04-26,0.0,9.0,0.0,2294.0,0.0,False,2303.0,0.0,0.0,0,0,2315.5714285714284,2313.8571428571427,2277.0333333333333,0.339347421919223,,2025,2025-04,2025-04-21/2025-04-27
2025-04-27,9.0,40.0,12.0,2301.0,4.0,True,2341.0,8.0,1.6500217108119886,1,1,2318.5714285714284,2316.1428571428573,2282.4666666666667,0.1990833777792668,0.3333333333333333,2025,2025-04,2025-04-21/2025-04-27
2025-04-28,6.0,26.0,12.0,2307.0,8.0,True,2333.0,4.0,-0.34173430158052076,1,2,2318.5714285714284,2317.9285714285716,2287.633333333333,0.22092936118571563,0.6666666666666666,2025,2025-04,2025-04-28/2025-05-04
2025-04-29,11.0,25.0,11.0,2304.0,15.0,True,2329.0,-4.0,-0.17145306472353683,0,0,2319.285714285714,2319.6428571428573,2291.6666666666665,0.22093463272703512,1.3636363636363635,2025,2025-04,2025-04-28/2025-05-04
2025-04-30,7.0,34.0,9.0,2309.0,12.0,True,2343.0,-3.0,0.6011163589523472,0,0,2322.1428571428573,2321.214285714286,2295.8333333333335,0.2126076456587076,1.3333333333333333,2025,2025-04,2025-04-28/2025-05-04
2025-05-01,13.0,32.0,14.0,2306.0,16.0,True,2338.0,-2.0,-0.21340162185232714,0,0,2327.1428571428573,2322.9285714285716,2299.5333333333333,0.1839042846536756,1.1428571428571428,2025,2025-05,2025-04-28/2025-05-04
2025-05-02,0.0,32.0,0.0,2306.0,0.0,False,2338.0,0.0,0.0,0,0,2332.1428571428573,2324.6428571428573,2302.8333333333335,0.1839042846536756,,2025,2025-05,2025-04-28/2025-05-04
2025-05-03,0.0,32.0,0.0,2306.0,0.0,False,2338.0,0.0,0.0,0,0,2337.1428571428573,2326.3571428571427,2305.8,0.1839042846536756,,2025,2025-05,2025-04-28/2025-05-04
2025-05-04,9.0,31.0,10.0,2335.0,5.0,True,2366.0,5.0,1.1976047904191711,1,1,2340.714285714286,2329.6428571428573,2309.7,0.48638808239526443,0.5,2025,2025-05,2025-04-28/2025-05-04
2025-05-05,15.0,44.0,20.0,2331.0,17.0,True,2375.0,3.0,0.3803888419273038,1,2,2346.714285714286,2332.6428571428573,2313.9,0.506006584306333,0.85,2025,2025-05,2025-05-05/2025-05-11
2025-05-06,10.0,33.0,16.0,2339.0,16.0,True,2372.0,0.0,-0.1263157894736855,0,0,2352.8571428571427,2336.0714285714284,2318.0333333333333,0.49397512786399655,1.0,2025,2025-05,2025-05-05/2025-05-11
2025-05-07,10.0,30.0,15.0,2335.0,10.0,True,2365.0,5.0,-0.295109612141653,1,1,2356.0,2339.0714285714284,2321.5666666666666,0.5152417248983765,0.6666666666666666,2025,2025-05,2025-05-05/2025-05-11
2025-05-08,15.0,24.0,16.0,2361.0,11.0,True,2385.0,5.0,0.8456659619450413,1,2,2362.714285714286,2344.9285714285716,2325.1666666666665,0.6047074118198333,0.6875,2025,2025-05,2025-05-05/2025-05-11
2025-05-09,0.0,24.0,0.0,2361.0,0.0,False,2385.0,0.0,0.0,0,0,2369.4285714285716,2350.785714285714,2329.0,0.6047074118198332,,2025,2025-05,2025-05-05/2025-05-11
2025-05-10,0.0,24.0,0.0,2361.0,0.0,False,2385.0,0.0,0.0,0,0,2376.1428571428573,2356.6428571428573,2332.1666666666665,0.6047074118198332,,2025,2025-05,2025-05-05/2025-05-11
2025-05-11,15.0,20.0,12.0,2385.0,3.0,True,2405.0,9.0,0.8385744234800763,1,1,2381.714285714286,2361.214285714286,2336.0333333333333,0.5478561570228654,0.25,2025,2025-05,2025-05-05/2025-05-11
2025-05-12,7.0,33.0,14.0,2392.0,7.0,True,2425.0,7.0,0.8316008316008316,1,2,2388.8571428571427,2367.785714285714,2340.5666666666666,0.5072515828428195,0.5,2025,2025-05,2025-05-12/2025-05-18
2025-05-13,18.0,29.0,12.0,2394.0,11.0,True,2423.0,1.0,-0.08247422680411898,1,3,2396.1428571428573,2374.5,2344.366666666667,0.5189606275986142,0.9166666666666666,2025,2025-05,2025-05-12/2025-05-18
2025-05-14,7.0,30.0,14.0,2394.0,11.0,True,2424.0,3.0,0.04127115146512761,1,4,2404.5714285714284,2380.285714285714,2348.233333333333,0.4946973642044027,0.7857142857142857,2025,2025-05,2025-05-12/2025-05-18
2025-05-15,15.0,31.0,14.0,2410.0,14.0,True,2441.0,0.0,0.7013201320132056,0,0,2412.5714285714284,2387.6428571428573,2352.766666666667,0.40119208563917247,1.0,2025,2025-05,2025-05-12/2025-05-18
2025-05-16,0.0,31.0,0.0,2410.0,0.0,False,2441.0,0.0,0.0,0,0,2420.5714285714284,2395.0,2356.766666666667,0.40119208563917236,,2025,2025-05,2025-05-12/2025-05-18
2025-05-17,0.0,31.0,0.0,2410.0,0.0,False,2441.0,0.0,0.0,0,0,2428.5714285714284,2402.3571428571427,2361.0,0.40119208563917236,,2025,2025-05,2025-05-12/2025-05-18
2025-05-18,13.0,28.0,14.0,2437.0,9.0,True,2465.0,5.0,0.9832036050798854,1,1,2437.1428571428573,2409.4285714285716,2366.0333333333333,0.43298668642252086,0.6428571428571429,2025,2025-05,2025-05-12/2025-05-18
2025-05-19,7.0,27.0,17.0,2457.0,6.0,True,2484.0,11.0,0.7707910750507141,1,2,2445.5714285714284,2417.214285714286,2371.7,0.47369476970347774,0.35294117647058826,2025,2025-05,2025-05-19/2025-05-25
2025-05-20,0.0,27.0,0.0,2457.0,0.0,False,2484.0,0.0,0.0,0,0,2454.285714285714,2425.214285714286,2377.1666666666665,0.4835051406252913,,2025,2025-05,2025-05-19/2025-05-25
2025-05-21,14.0,62.0,13.0,2467.0,18.0,True,2529.0,-5.0,1.8115942028985588,0,0,2469.285714285714,2436.9285714285716,2383.7,0.4548292651059054,1.3846153846153846,2025,2025-05,2025-05-19/2025-05-25
2025-05-22,18.0,36.0,17.0,2473.0,15.0,True,2509.0,2.0,-0.7908264136022192,1,1,2479.0,2445.785714285714,2389.866666666667,0.446141975338502,0.8823529411764706,2025,2025-05,2025-05-19/2025-05-25
2025-05-23,0.0,36.0,0.0,2473.0,0.0,False,2509.0,0.0,0.0,0,0,2488.714285714286,2454.6428571428573,2396.0666666666666,0.446141975338502,,2025,2025-05,2025-05-19/2025-05-25
2025-05-24,0.0,36.0,0.0,2473.0,0.0,False,2509.0,0.0,0.0,0,0,2498.4285714285716,2463.5,2402.9333333333334,0.446141975338502,,2025,2025-05,2025-05-19/2025-05-25
2025-05-25,0.0,36.0,0.0,2473.0,0.0,False,2509.0,0.0,0.0,0,0,2504.714285714286,2470.9285714285716,2409.8,0.31338034972913975,,2025,2025-05,2025-05-19/2025-05-25
2025-05-26,0.0,36.0,0.0,2473.0,0.0,False,2509.0,0.0,0.0,0,0,2508.285714285714,2476.9285714285716,2416.6666666666665,0.16553163039503227,,2025,2025-05,2025-05-26/2025-06-01
2025-05-27,6.0,24.0,7.0,2504.0,11.0,True,2528.0,-4.0,0.757273814268622,0,0,2514.5714285714284,2484.4285714285716,2422.9,0.46159275093030233,1.5714285714285714,2025,2025-05,2025-05-26/2025-06-01
2025-05-28,12.0,39.0,12.0,2499.0,14.0,True,2538.0,-2.0,0.39556962025315556,0,0,2515.8571428571427,2492.5714285714284,2429.733333333333,0.4882009225500525,1.1666666666666667,2025,2025-05,2025-05-26/2025-06-01
2025-05-29,13.0,38.0,15.0,2506.0,11.0,True,2544.0,4.0,0.23640661938533203,1,1,2520.8571428571427,2499.9285714285716,2436.9,0.48912887872454724,0.7333333333333333,2025,2025-05,2025-05-26/2025-06-01
2025-05-30,0.0,38.0,0.0,2506.0,0.0,False,2544.0,0.0,0.0,0,0,2525.8571428571427,2507.285714285714,2443.6,0.48912887872454724,,2025,2025-05,2025-05-26/2025-06-01
2025-05-31,0.0,38.0,0.0,2506.0,0.0,False,2544.0,0.0,0.0,0,0,2530.8571428571427,2514.6428571428573,2450.4666666666667,0.48912887872454724,,2025,2025-05,2025-05-26/2025-06-01
2025-06-01,8.0,24.0,16.0,2528.0,12.0,True,2552.0,4.0,0.3144654088050425,1,1,2537.0,2520.8571428571427,2457.6,0.5418308530106883,0.75,2025,2025-06,2025-05-26/2025-06-01
2025-06-02,10.0,19.0,5.0,2518.0,16.0,True,2537.0,-11.0,-0.5877742946708508,0,0,2541.0,2524.6428571428573,2464.233333333333,0.5979952954582984,3.2,2025,2025-06,2025-06-02/2025-06-08
2025-06-03,5.0,23.0,11.0,2519.0,15.0,True,2542.0,-4.0,0.19708316909736734,0,0,2543.0,2528.785714285714,2470.1,0.4072736814649659,1.3636363636363635,2025,2025-06,2025-06-02/2025-06-08
2025-06-04,4.0,16.0,9.0,2516.0,16.0,True,2532.0,-7.0,-0.3933910306844979,0,0,2542.1428571428573,2529.0,2475.3333333333335,0.398903318454952,1.7777777777777777,2025,2025-06,2025-06-02/2025-06-08
2025-06-05,8.0,26.0,5.0,2503.0,21.0,True,2529.0,-16.0,-0.11848341232227888,0,0,2540.0,2530.4285714285716,2480.5666666666666,0.44871217765036603,4.2,2025,2025-06,2025-06-02/2025-06-08
2025-06-06,0.0,26.0,0.0,2503.0,0.0,False,2529.0,0.0,0.0,0,0,2537.8571428571427,2531.8571428571427,2486.0333333333333,0.44871217765036603,,2025,2025-06,2025-06-02/2025-06-08
2025-06-07,0.0,26.0,0.0,2503.0,0.0,False,2529.0,0.0,0.0,0,0,2535.714285714286,2533.285714285714,2490.8333333333335,0.44871217765036603,,2025,2025-06,2025-06-02/2025-06-08
2025-06-08,10.0,16.0,15.0,2507.0,13.0,True,2523.0,2.0,-0.23724792408066353,1,1,2531.5714285714284,2534.285714285714,2495.4333333333334,0.24694689179977958,0.8666666666666667,2025,2025-06,2025-06-02/2025-06-08
2025-06-09,8.0,21.0,14.0,2516.0,9.0,True,2537.0,5.0,0.5548949663099378,1,2,2531.5714285714284,2536.285714285714,2500.5,0.26965891982102647,0.6428571428571429,2025,2025-06,2025-06-09/2025-06-15
2025-06-10,17.0,28.0,7.0,2511.0,12.0,True,2539.0,-5.0,0.07883326763893361,0,0,2531.1428571428573,2537.0714285714284,2504.9666666666667,0.27713564111093786,1.7142857142857142,2025,2025-06,2025-06-09/2025-06-15
2025-06-11,0.0,28.0,0.0,2511.0,0.0,False,2539.0,0.0,0.0,0,0,2532.1428571428573,2537.1428571428573,2508.766666666667,0.27548683247843486,,2025,2025-06,2025-06-09/2025-06-15
2025-06-12,0.0,28.0,0.0,2511.0,0.0,False,2539.0,0.0,0.0,0,0,2533.5714285714284,2536.785714285714,2512.633333333333,0.17285514175829725,,2025,2025-06,2025-06-09/2025-06-15
2025-06-13,0.0,28.0,0.0,2511.0,0.0,False,2539.0,0.0,0.0,0,0,2535.0,2536.4285714285716,2516.4666666666667,0.17285514175829725,,2025,2025-06,2025-06-09/2025-06-15
2025-06-14,0.0,28.0,0.0,2511.0,0.0,False,2539.0,0.0,0.0,0,0,2536.4285714285716,2536.0714285714284,2519.733333333333,0.17285514175829725,,2025,2025-06,2025-06-09/2025-06-15
2025-06-15,0.0,28.0,0.0,2511.0,0.0,False,2539.0,0.0,0.0,0,0,2538.714285714286,2535.1428571428573,2523.0,0.1656808209508598,,2025,2025-06,2025-06-09/2025-06-15
2025-06-16,0.0,28.0,0.0,2511.0,0.0,False,2539.0,0.0,0.0,0,0,2539.0,2535.285714285714,2526.266666666667,0.07511217667113157,,2025,2025-06,2025-06-16/2025-06-22
2025-06-17,7.0,24.0,10.0,2523.0,14.0,True,2547.0,-4.0,0.3150846790074935,0,0,2540.1428571428573,2535.6428571428573,2529.0,0.18062818303905612,1.4,2025,2025-06,2025-06-16/2025-06-22
2025-06-18,0.0,24.0,0.0,2523.0,0.0,False,2547.0,0.0,0.0,0,0,2541.285714285714,2536.714285714286,2531.1,0.18062818303905612,,2025,2025-06,2025-06-16/2025-06-22
2025-06-19,8.0,19.0,7.0,2501.0,18.0,True,2520.0,-11.0,-1.0600706713780883,0,0,2538.5714285714284,2536.0714285714284,2532.3,0.4013613156816158,2.5714285714285716,2025,2025-06,2025-06-16/2025-06-22
2025-06-20,0.0,19.0,0.0,2501.0,0.0,False,2520.0,0.0,0.0,0,0,2535.8571428571427,2535.4285714285716,2532.0,0.4013613156816158,,2025,2025-06,2025-06-16/2025-06-22
2025-06-21,0.0,19.0,0.0,2501.0,0.0,False,2520.0,0.0,0.0,0,0,2533.1428571428573,2534.785714285714,2532.366666666667,0.4013613156816158,,2025,2025-06,2025-06-16/2025-06-22
2025-06-22,7.0,13.0,5.0,2508.0,7.0,True,2521.0,-2.0,0.03968253968253954,0,0,2530.5714285714284,2534.6428571428573,2532.766666666667,0.4213481429147531,1.4,2025,2025-06,2025-06-16/2025-06-22
2025-06-23,3.0,15.0,5.0,2495.0,17.0,True,2510.0,-12.0,-0.4363347877826218,0,0,2526.4285714285716,2532.714285714286,2532.8,0.4616255877647778,3.4,2025,2025-06,2025-06-23/2025-06-29
2025-06-24,5.0,20.0,5.0,2489.0,16.0,True,2509.0,-11.0,-0.03984063745019473,0,0,2521.0,2530.5714285714284,2532.8,0.3882615889462401,3.2,2025,2025-06,2025-06-23/2025-06-29
2025-06-25,6.0,12.0,2.0,2470.0,24.0,True,2482.0,-22.0,-1.0761259465922657,0,0,2511.714285714286,2526.5,2531.9,0.42998380969403577,12.0,2025,2025-06,2025-06-23/2025-06-29
2025-06-26,3.0,9.0,7.0,2447.0,35.0,True,2456.0,-28.0,-1.0475423045930743,0,0,2502.5714285714284,2520.5714285714284,2529.5,0.44343293675863,5.0,2025,2025-06,2025-06-23/2025-06-29
2025-06-27,0.0,9.0,0.0,2447.0,0.0,False,2456.0,0.0,0.0,0,0,2493.4285714285716,2514.6428571428573,2526.766666666667,0.44343293675863,,2025,2025-06,2025-06-23/2025-06-29
2025-06-28,0.0,9.0,0.0,2447.0,0.0,False,2456.0,0.0,0.0,0,0,2484.285714285714,2508.714285714286,2523.8333333333335,0.44343293675863,,2025,2025-06,2025-06-23/2025-06-29
2025-06-29,5.0,17.0,7.0,2413.0,20.0,True,2430.0,-13.0,-1.0586319218241047,0,0,2471.285714285714,2500.9285714285716,2520.0333333333333,0.5159618457776065,2.857142857142857,2025,2025-06,2025-06-23/2025-06-29
2025-06-30,9.0,22.0,8.0,2407.0,16.0,True,2429.0,-8.0,-0.04115226337448874,0,0,2459.714285714286,2493.0714285714284,2516.2,0.5285456909833443,2.0,2025,2025-06,2025-06-30/2025-07-06
2025-07-01,7.0,14.0,6.0,2391.0,22.0,True,2405.0,-16.0,-0.9880609304240395,0,0,2444.8571428571427,2482.9285714285716,2511.3,0.5166192472978598,3.6666666666666665,2025,2025-07,2025-06-30/2025-07-06
2025-07-02,8.0,20.0,9.0,2373.0,38.0,True,2393.0,-29.0,-0.498960498960499,0,0,2432.1428571428573,2471.9285714285716,2506.5,0.5159805669370497,4.222222222222222,2025,2025-07,2025-06-30/2025-07-06
2025-07-03,0.0,20.0,0.0,2373.0,0.0,False,2393.0,0.0,0.0,0,0,2423.1428571428573,2462.8571428571427,2501.5333333333333,0.527123878533395,,2025,2025-07,2025-06-30/2025-07-06
2025-07-04,0.0,20.0,0.0,2373.0,0.0,False,2393.0,0.0,0.0,0,0,2414.1428571428573,2453.785714285714,2496.9,0.527123878533395,,2025,2025-07,2025-06-30/2025-07-06
2025-07-05,0.0,20.0,0.0,2373.0,0.0,False,2393.0,0.0,0.0,0,0,2405.1428571428573,2444.714285714286,2492.366666666667,0.527123878533395,,2025,2025-07,2025-06-30/2025-07-06
2025-07-06,4.0,17.0,2.0,2332.0,8.0,True,2349.0,-6.0,-1.8386961972419513,0,0,2393.5714285714284,2432.4285714285716,2486.366666666667,0.6337777155840577,4.0,2025,2025-07,2025-06-30/2025-07-06
2025-07-07,3.0,18.0,8.0,2317.0,20.0,True,2335.0,-12.0,-0.5959982971477262,0,0,2380.1428571428573,2419.9285714285716,2479.9,0.6267768048373137,2.5,2025,2025-07,2025-07-07/2025-07-13
2025-07-08,5.0,16.0,8.0,2306.0,20.0,True,2322.0,-12.0,-0.5567451820128522,0,0,2368.285714285714,2406.5714285714284,2473.2,0.6246470077579631,2.5,2025,2025-07,2025-07-07/2025-07-13
2025-07-09,2.0,18.0,0.0,2281.0,32.0,True,2299.0,-32.0,-0.9905254091300608,0,0,2354.8571428571427,2393.5,2465.266666666667,0.6574418530718467,,2025,2025-07,2025-07-07/2025-07-13
2025-07-10,2.0,12.0,3.0,2252.0,39.0,True,2264.0,-36.0,-1.5224010439321423,0,0,2336.4285714285716,2379.785714285714,2456.1,0.65209014771346,13.0,2025,2025-07,2025-07-07/2025-07-13
2025-07-11,0.0,12.0,0.0,2252.0,0.0,False,2264.0,0.0,0.0,0,0,2318.0,2366.0714285714284,2446.9333333333334,0.65209014771346,,2025,2025-07,2025-07-07/2025-07-13
2025-07-12,0.0,12.0,0.0,2252.0,0.0,False,2264.0,0.0,0.0,0,0,2299.5714285714284,2352.3571428571427,2437.766666666667,0.65209014771346,,2025,2025-07,2025-07-07/2025-07-13
2025-07-13,1.0,13.0,4.0,2204.0,10.0,True,2217.0,-6.0,-2.075971731448767,0,0,2280.714285714286,2337.1428571428573,2427.0333333333333,0.7622347802385663,2.5,2025,2025-07,2025-07-07/2025-07-13
2025-07-14,2.0,9.0,1.0,2181.0,26.0,True,2190.0,-25.0,-1.2178619756427644,0,0,2260.0,2320.0714285714284,2415.4,0.7634674551846902,26.0,2025,2025-07,2025-07-14/2025-07-20
2025-07-15,0.0,8.0,5.0,2171.0,17.0,True,2179.0,-12.0,-0.5022831050228271,0,0,2239.5714285714284,2303.9285714285716,2403.4,0.7648497689828183,3.4,2025,2025-07,2025-07-14/2025-07-20
2025-07-16,1.0,9.0,0.0,2164.0,11.0,True,2173.0,-11.0,-0.275355667737498,0,0,2221.5714285714284,2288.214285714286,2391.2,0.7809276183326883,,2025,2025-07,2025-07-14/2025-07-20
2025-07-17,3.0,16.0,2.0,2153.0,17.0,True,2169.0,-15.0,-0.18407731247124248,0,0,2208.0,2272.214285714286,2378.6,0.7480577424082672,8.5,2025,2025-07,2025-07-14/2025-07-20
2025-07-18,0.0,16.0,0.0,2153.0,0.0,False,2169.0,0.0,0.0,0,0,2194.4285714285716,2256.214285714286,2366.0,0.7480577424082672,,2025,2025-07,2025-07-14/2025-07-20
2025-07-19,0.0,16.0,0.0,2153.0,0.0,False,2169.0,0.0,0.0,0,0,2180.8571428571427,2240.214285714286,2354.3,0.7480577424082672,,2025,2025-07,2025-07-14/2025-07-20
2025-07-20,0.0,16.0,0.0,2153.0,0.0,False,2169.0,0.0,0.0,0,0,2174.0,2227.3571428571427,2342.6,0.3838744699800465,,2025,2025-07,2025-07-14/2025-07-20
2025-07-21,4.0,18.0,7.0,2121.0,16.0,True,2139.0,-9.0,-1.3831258644536604,0,0,2166.714285714286,2213.3571428571427,2329.9,0.529328317236941,2.2857142857142856,2025,2025-07,2025-07-21/2025-07-27
2025-07-22,5.0,13.0,3.0,2117.0,16.0,True,2130.0,-13.0,-0.42075736325385416,0,0,2159.714285714286,2199.6428571428573,2316.866666666667,0.5338709258425005,5.333333333333333,2025,2025-07,2025-07-21/2025-07-27
2025-07-23,6.0,21.0,5.0,2111.0,14.0,True,2132.0,-9.0,0.09389671361501595,0,0,2153.8571428571427,2187.714285714286,2304.266666666667,0.5345067274231872,2.8,2025,2025-07,2025-07-21/2025-07-27
2025-07-24,6.0,18.0,7.0,2096.0,29.0,True,2114.0,-22.0,-0.8442776735459678,0,0,2146.0,2177.0,2291.1,0.5495941219376842,4.142857142857143,2025,2025-07,2025-07-21/2025-07-27
2025-07-25,0.0,18.0,0.0,2096.0,0.0,False,2114.0,0.0,0.0,0,0,2138.1428571428573,2166.285714285714,2278.8333333333335,0.5495941219376842,,2025,2025-07,2025-07-21/2025-07-27
2025-07-26,0.0,18.0,0.0,2096.0,0.0,False,2114.0,0.0,0.0,0,0,2130.285714285714,2155.5714285714284,2267.4333333333334,0.5495941219376842,,2025,2025-07,2025-07-21/2025-07-27
2025-07-27,1.0,12.0,2.0,2088.0,4.0,True,2100.0,-2.0,-0.6622516556291425,0,0,2120.4285714285716,2147.214285714286,2255.5666666666666,0.523791655350143,2.0,2025,2025-07,2025-07-21/2025-07-27
2025-07-28,2.0,9.0,3.0,2080.0,14.0,True,2089.0,-11.0,-0.5238095238095264,0,0,2113.285714285714,2140.0,2243.3333333333335,0.2488328645434818,4.666666666666667,2025,2025-07,2025-07-28/2025-08-03
2025-07-29,2.0,8.0,3.0,2072.0,12.0,True,2080.0,-9.0,-0.43082814743896636,0,0,2106.1428571428573,2132.9285714285716,2231.6666666666665,0.24809674525004213,4.0,2025,2025-07,2025-07-28/2025-08-03
2025-07-30,4.0,15.0,4.0,2063.0,16.0,True,2078.0,-12.0,-0.09615384615384581,0,0,2098.4285714285716,2126.1428571428573,2219.9666666666667,0.25231035083285575,4.0,2025,2025-07,2025-07-28/2025-08-03
2025-07-31,2.0,9.0,6.0,2058.0,15.0,True,2067.0,-9.0,-0.5293551491819093,0,0,2091.714285714286,2118.8571428571427,2208.7,0.18770843566542364,2.5,2025,2025-07,2025-07-28/2025-08-03
2025-08-01,0.0,9.0,0.0,2058.0,0.0,False,2067.0,0.0,0.0,0,0,2085.0,2111.5714285714284,2197.8333333333335,0.18770843566542364,,2025,2025-08,2025-07-28/2025-08-03
2025-08-02,0.0,9.0,0.0,2058.0,0.0,False,2067.0,0.0,0.0,0,0,2078.285714285714,2104.285714285714,2186.9666666666667,0.18770843566542364,,2025,2025-08,2025-07-28/2025-08-03
2025-08-03,5.0,26.0,3.0,2049.0,5.0,True,2075.0,-2.0,0.38703434929849845,0,0,2074.714285714286,2097.5714285714284,2176.366666666667,0.19472297774092612,1.6666666666666667,2025,2025-08,2025-07-28/2025-08-03
2025-08-04,5.0,22.0,11.0,2040.0,14.0,True,2062.0,-3.0,-0.6265060240963849,0,0,2070.8571428571427,2092.0714285714284,2165.3333333333335,0.20125635115993676,1.2727272727272727,2025,2025-08,2025-08-04/2025-08-10
2025-08-05,2.0,21.0,10.0,2042.0,14.0,True,2063.0,-4.0,0.04849660523762456,0,0,2068.4285714285716,2087.285714285714,2155.8,0.23758052874181165,1.4,2025,2025-08,2025-08-04/2025-08-10
2025-08-06,4.0,17.0,3.0,2036.0,13.0,True,2053.0,-10.0,-0.4847309743092554,0,0,2064.8571428571427,2081.6428571428573,2146.4,0.22058328747691514,4.333333333333333,2025,2025-08,2025-08-04/2025-08-10
2025-08-07,4.0,18.0,6.0,2031.0,17.0,True,2049.0,-11.0,-0.1948368241597609,0,0,2062.285714285714,2077.0,2137.3,0.22071906256420107,2.8333333333333335,2025,2025-08,2025-08-04/2025-08-10
2025-08-08,0.0,18.0,0.0,2031.0,0.0,False,2049.0,0.0,0.0,0,0,2059.714285714286,2072.3571428571427,2128.9666666666667,0.22071906256420107,,2025,2025-08,2025-08-04/2025-08-10
2025-08-09,0.0,18.0,0.0,2031.0,0.0,False,2049.0,0.0,0.0,0,0,2057.1428571428573,2067.714285714286,2121.8,0.22071906256420107,,2025,2025-08,2025-08-04/2025-08-10
2025-08-10,0.0,18.0,8.0,2006.0,12.0,True,2024.0,-4.0,-1.2201073694485087,0,0,2049.8571428571427,2062.285714285714,2113.8,0.4522935424209196,1.5,2025,2025-08,2025-08-04/2025-08-10
2025-08-11,6.0,23.0,4.0,1999.0,16.0,True,2022.0,-12.0,-0.09881422924901129,0,0,2044.142857142857,2057.5,2105.733333333333,0.44899120460374886,4.0,2025,2025-08,2025-08-11/2025-08-17
2025-08-12,8.0,38.0,9.0,1999.0,9.0,True,2037.0,0.0,0.7418397626112849,0,0,2040.4285714285713,2054.4285714285716,2099.733333333333,0.43626374885732966,1.0,2025,2025-08,2025-08-11/2025-08-17
2025-08-13,6.0,22.0,12.0,1997.0,17.0,True,2019.0,-5.0,-0.8836524300441795,0,0,2035.5714285714287,2050.214285714286,2094.0333333333333,0.44302022638907984,1.4166666666666667,2025,2025-08,2025-08-11/2025-08-17
2025-08-14,3.0,27.0,4.0,1994.0,11.0,True,2021.0,-7.0,0.0990589400693409,0,0,2031.5714285714287,2046.9285714285713,2088.766666666667,0.445537031436659,2.75,2025,2025-08,2025-08-11/2025-08-17
2025-08-15,0.0,27.0,0.0,1994.0,0.0,False,2021.0,0.0,0.0,0,0,2027.5714285714287,2043.642857142857,2083.7,0.445537031436659,,2025,2025-08,2025-08-11/2025-08-17
2025-08-16,0.0,27.0,0.0,1994.0,0.0,False,2021.0,0.0,0.0,0,0,2023.5714285714287,2040.357142857143,2078.766666666667,0.445537031436659,,2025,2025-08,2025-08-11/2025-08-17
2025-08-17,4.0,14.0,2.0,1991.0,3.0,True,2005.0,-1.0,-0.7916872835230127,0,0,2020.857142857143,2035.357142857143,2073.3,0.1269468447646367,1.5,2025,2025-08,2025-08-11/2025-08-17
2025-08-18,4.0,20.0,6.0,1985.0,14.0,True,2005.0,-8.0,0.0,0,0,2018.4285714285713,2031.2857142857142,2067.8333333333335,0.11225832298137868,2.3333333333333335,2025,2025-08,2025-08-18/2025-08-24
2025-08-19,5.0,35.0,3.0,1980.0,11.0,True,2015.0,-8.0,0.4987531172069737,0,0,2015.2857142857142,2027.857142857143,2062.7,0.11508546614117661,3.6666666666666665,2025,2025-08,2025-08-18/2025-08-24
2025-08-20,10.0,38.0,10.0,1983.0,10.0,True,2021.0,0.0,0.29776674937964653,0,0,2015.5714285714287,2025.5714285714287,2058.766666666667,0.15913388870081888,1.0,2025,2025-08,2025-08-18/2025-08-24
2025-08-21,6.0,49.0,8.0,1972.0,21.0,True,2021.0,-13.0,0.0,0,0,2015.5714285714287,2023.5714285714287,2055.133333333333,0.2354193059241806,2.625,2025,2025-08,2025-08-18/2025-08-24
2025-08-22,0.0,49.0,0.0,1972.0,0.0,False,2021.0,0.0,0.0,0,0,2015.5714285714287,2021.5714285714287,2051.4333333333334,0.2354193059241806,,2025,2025-08,2025-08-18/2025-08-24
2025-08-23,0.0,49.0,0.0,1972.0,0.0,False,2021.0,0.0,0.0,0,0,2015.5714285714287,2019.5714285714287,2048.3333333333335,0.2354193059241806,,2025,2025-08,2025-08-18/2025-08-24
2025-08-24,4.0,21.0,5.0,1981.0,5.0,True,2002.0,0.0,-0.9401286491835692,0,0,2015.142857142857,2018.0,2044.6,0.3310333304736461,1.0,2025,2025-08,2025-08-18/2025-08-24
2025-08-25,8.0,30.0,8.0,1980.0,11.0,True,2010.0,-3.0,0.3996003996004083,0,0,2015.857142857143,2017.142857142857,2041.1333333333334,0.3151939326707005,1.375,2025,2025-08,2025-08-25/2025-08-31
2025-08-26,10.0,21.0,20.0,1989.0,15.0,True,2010.0,5.0,0.0,1,1,2015.142857142857,2015.2142857142858,2038.1333333333334,0.34598839460252223,0.75,2025,2025-08,2025-08-25/2025-08-31
2025-08-27,5.0,19.0,9.0,1988.0,19.0,True,2007.0,-10.0,-0.14925373134327957,0,0,2013.142857142857,2014.357142857143,2035.4,0.3460165050024461,2.111111111111111,2025,2025-08,2025-08-25/2025-08-31
2025-08-28,8.0,33.0,6.0,1984.0,17.0,True,2017.0,-11.0,0.49825610363727346,0,0,2012.5714285714287,2014.0714285714287,2033.3,0.2606035031606929,2.8333333333333335,2025,2025-08,2025-08-25/2025-08-31
2025-08-29,0.0,33.0,0.0,1984.0,0.0,False,2017.0,0.0,0.0,0,0,2012.0,2013.7857142857142,2031.2666666666667,0.2606035031606929,,2025,2025-08,2025-08-25/2025-08-31
2025-08-30,0.0,33.0,0.0,1984.0,0.0,False,2017.0,0.0,0.0,0,0,2011.4285714285713,2013.5,2029.6,0.2606035031606929,,2025,2025-08,2025-08-25/2025-08-31
2025-08-31,0.0,33.0,0.0,1984.0,0.0,False,2017.0,0.0,0.0,0,0,2013.5714285714287,2014.357142857143,2027.9333333333334,0.20365245643163787,,2025,2025-08,2025-08-25/2025-08-31
2025-09-01,10.0,29.0,17.0,2010.0,5.0,True,2039.0,12.0,1.0907288051561714,1,1,2017.7142857142858,2016.7857142857142,2027.0,0.5227701225206414,0.29411764705882354,2025,2025-09,2025-09-01/2025-09-07
2025-09-02,6.0,35.0,9.0,2020.0,9.0,True,2055.0,0.0,0.7846983815595898,0,0,2024.142857142857,2019.642857142857,2026.3333333333333,0.5262753103394646,1.0,2025,2025-09,2025-09-01/2025-09-07
2025-09-03,4.0,29.0,11.0,2019.0,10.0,True,2048.0,1.0,-0.3406326034063212,1,1,2030.0,2021.5714285714287,2025.8666666666666,0.5262087686197003,0.9090909090909091,2025,2025-09,2025-09-01/2025-09-07
2025-09-04,11.0,40.0,2.0,2015.0,14.0,True,2055.0,-12.0,0.341796875,0,0,2035.4285714285713,2024.0,2025.6,0.5257953355107317,7.0,2025,2025-09,2025-09-01/2025-09-07
2025-09-05,0.0,40.0,0.0,2015.0,0.0,False,2055.0,0.0,0.0,0,0,2040.857142857143,2026.4285714285713,2025.6666666666667,0.5257953355107317,,2025,2025-09,2025-09-01/2025-09-07
2025-09-06,0.0,40.0,0.0,2015.0,0.0,False,2055.0,0.0,0.0,0,0,2046.2857142857142,2028.857142857143,2025.8666666666666,0.5257953355107317,,2025,2025-09,2025-09-01/2025-09-07
2025-09-07,4.0,19.0,9.0,2026.0,7.0,True,2045.0,2.0,-0.48661800486617945,1,1,2050.285714285714,2031.9285714285713,2025.7333333333333,0.5277038206144412,0.7777777777777778,2025,2025-09,2025-09-01/2025-09-07
2025-09-08,7.0,25.0,5.0,2025.0,6.0,True,2050.0,-1.0,0.24449877750611915,0,0,2051.8571428571427,2034.7857142857142,2025.7666666666667,0.2915687159531308,1.2,2025,2025-09,2025-09-08/2025-09-14
2025-09-09,18.0,42.0,11.0,2023.0,14.0,True,2065.0,-3.0,0.7317073170731714,0,0,2053.285714285714,2038.7142857142858,2027.1333333333334,0.24106853248821847,1.2727272727272727,2025,2025-09,2025-09-08/2025-09-14
2025-09-10,10.0,47.0,14.0,2025.0,18.0,True,2072.0,-4.0,0.3389830508474523,0,0,2056.714285714286,2043.357142857143,2028.8,0.24031135809266355,1.2857142857142858,2025,2025-09,2025-09-08/2025-09-14
2025-09-11,12.0,38.0,29.0,2047.0,6.0,True,2085.0,23.0,0.6274131274131234,1,1,2061.0,2048.214285714286,2030.4,0.43632408654209665,0.20689655172413793,2025,2025-09,2025-09-08/2025-09-14
2025-09-12,0.0,38.0,0.0,2047.0,0.0,False,2085.0,0.0,0.0,0,0,2065.285714285714,2053.0714285714284,2032.6,0.43632408654209665,,2025,2025-09,2025-09-08/2025-09-14
2025-09-13,0.0,38.0,0.0,2047.0,0.0,False,2085.0,0.0,0.0,0,0,2069.5714285714284,2057.9285714285716,2034.7333333333333,0.43632408654209665,,2025,2025-09,2025-09-08/2025-09-14
2025-09-14,7.0,39.0,13.0,2083.0,5.0,True,2122.0,8.0,1.7745803357314127,1,1,2080.5714285714284,2065.4285714285716,2038.1,0.7278427506102035,0.38461538461538464,2025,2025-09,2025-09-08/2025-09-14
2025-09-15,9.0,47.0,10.0,2086.0,10.0,True,2133.0,0.0,0.5183788878416529,0,0,2092.4285714285716,2072.1428571428573,2041.8333333333333,0.7114562235521161,1.0,2025,2025-09,2025-09-15/2025-09-21
2025-09-16,7.0,28.0,17.0,2095.0,12.0,True,2123.0,5.0,-0.46882325363337696,1,1,2100.714285714286,2077.0,2045.7666666666667,0.6733519778741762,0.7058823529411765,2025,2025-09,2025-09-15/2025-09-21
2025-09-17,7.0,38.0,5.0,2096.0,13.0,True,2134.0,-8.0,0.5181347150259086,0,0,2109.5714285714284,2083.1428571428573,2050.0666666666666,0.6787196886896479,2.6,2025,2025-09,2025-09-15/2025-09-21
2025-09-18,20.0,52.0,11.0,2096.0,14.0,True,2148.0,-3.0,0.6560449859418949,0,0,2118.5714285714284,2089.785714285714,2054.5,0.6444141241215824,1.2727272727272727,2025,2025-09,2025-09-15/2025-09-21
2025-09-19,0.0,52.0,0.0,2096.0,0.0,False,2148.0,0.0,0.0,0,0,2127.5714285714284,2096.4285714285716,2058.733333333333,0.6444141241215824,,2025,2025-09,2025-09-15/2025-09-21
2025-09-20,0.0,52.0,0.0,2096.0,0.0,False,2148.0,0.0,0.0,0,0,2136.5714285714284,2103.0714285714284,2062.9666666666667,0.6444141241215824,,2025,2025-09,2025-09-15/2025-09-21
2025-09-21,8.0,35.0,13.0,2134.0,5.0,True,2169.0,8.0,0.9776536312849249,1,1,2143.285714285714,2111.9285714285716,2067.9,0.6643543827291126,0.38461538461538464,2025,2025-09,2025-09-15/2025-09-21
2025-09-22,17.0,40.0,14.0,2141.0,10.0,True,2181.0,4.0,0.5532503457814641,1,2,2150.1428571428573,2121.285714285714,2073.233333333333,0.6585523189845187,0.7142857142857143,2025,2025-09,2025-09-22/2025-09-28
2025-09-23,11.0,36.0,10.0,2145.0,15.0,True,2181.0,-5.0,0.0,0,0,2158.4285714285716,2129.5714285714284,2079.2,0.6614987829839534,1.5,2025,2025-09,2025-09-22/2025-09-28
2025-09-24,3.0,38.0,12.0,2138.0,17.0,True,2176.0,-5.0,-0.22925263640531934,0,0,2164.4285714285716,2137.0,2084.733333333333,0.7028049230166059,1.4166666666666667,2025,2025-09,2025-09-22/2025-09-28
2025-09-25,6.0,35.0,12.0,2132.0,18.0,True,2167.0,-6.0,-0.4136029411764719,0,0,2167.1428571428573,2142.8571428571427,2089.9666666666667,0.7293372593038671,1.5,2025,2025-09,2025-09-22/2025-09-28
2025-09-26,0.0,35.0,0.0,2132.0,0.0,False,2167.0,0.0,0.0,0,0,2169.8571428571427,2148.714285714286,2095.3,0.7293372593038671,,2025,2025-09,2025-09-22/2025-09-28
2025-09-27,0.0,35.0,0.0,2132.0,0.0,False,2167.0,0.0,0.0,0,0,2172.5714285714284,2154.5714285714284,2100.3,0.7293372593038671,,2025,2025-09,2025-09-22/2025-09-28
2025-09-28,11.0,29.0,12.0,2146.0,9.0,True,2175.0,3.0,0.369173973234882,1,1,2173.4285714285716,2158.3571428571427,2105.5666666666666,0.34482668609406286,0.75,2025,2025-09,2025-09-22/2025-09-28
2025-09-29,8.0,35.0,12.0,2148.0,13.0,True,2183.0,-1.0,0.36781609195402076,0,0,2173.714285714286,2161.9285714285716,2111.1,0.32774947979249136,1.0833333333333333,2025,2025-09,2025-09-29/2025-10-05
2025-09-30,8.0,32.0,12.0,2159.0,7.0,True,2191.0,5.0,0.3664681630783262,1,1,2175.1428571428573,2166.785714285714,2116.9,0.37105872896285724,0.5833333333333334,2025,2025-09,2025-09-29/2025-10-05
2025-10-01,4.0,33.0,12.0,2163.0,14.0,True,2196.0,-2.0,0.22820629849384932,0,0,2178.0,2171.214285714286,2122.133333333333,0.32166242898763314,1.1666666666666667,2025,2025-10,2025-09-29/2025-10-05
2025-10-02,20.0,51.0,15.0,2164.0,16.0,True,2215.0,-1.0,0.8652094717668479,0,0,2184.8571428571427,2176.0,2127.4666666666667,0.264565161304835,1.0666666666666667,2025,2025-10,2025-09-29/2025-10-05
2025-10-03,0.0,51.0,0.0,2164.0,0.0,False,2215.0,0.0,0.0,0,0,2191.714285714286,2180.785714285714,2133.0333333333333,0.264565161304835,,2025,2025-10,2025-09-29/2025-10-05
2025-10-04,0.0,51.0,0.0,2164.0,0.0,False,2215.0,0.0,0.0,0,0,2198.5714285714284,2185.5714285714284,2138.366666666667,0.264565161304835,,2025,2025-10,2025-09-29/2025-10-05
2025-10-05,8.0,28.0,13.0,2180.0,16.0,True,2208.0,-3.0,-0.31602708803611934,0,0,2203.285714285714,2188.3571428571427,2143.4666666666667,0.2884340582273751,1.2307692307692308,2025,2025-10,2025-09-29/2025-10-05
2025-10-06,5.0,33.0,15.0,2187.0,10.0,True,2220.0,5.0,0.5434782608695565,1,1,2208.5714285714284,2191.1428571428573,2148.9666666666667,0.28388140213340296,0.6666666666666666,2025,2025-10,2025-10-06/2025-10-12
2025-10-07,11.0,45.0,4.0,2189.0,10.0,True,2234.0,-6.0,0.6306306306306242,0,0,2214.714285714286,2194.9285714285716,2155.266666666667,0.26495048899267204,2.5,2025,2025-10,2025-10-06/2025-10-12
2025-10-08,8.0,49.0,15.0,2192.0,17.0,True,2241.0,-2.0,0.3133393017009878,0,0,2221.1428571428573,2199.5714285714284,2161.633333333333,0.2659504673543648,1.1333333333333333,2025,2025-10,2025-10-06/2025-10-12
2025-10-09,11.0,55.0,13.0,2192.0,12.0,True,2247.0,1.0,0.2677376171352108,1,1,2225.714285714286,2205.285714285714,2167.7,0.2706695634123953,0.9230769230769231,2025,2025-10,2025-10-06/2025-10-12
2025-10-10,0.0,55.0,0.0,2192.0,0.0,False,2247.0,0.0,0.0,0,0,2230.285714285714,2211.0,2173.5333333333333,0.2706695634123953,,2025,2025-10,2025-10-06/2025-10-12
2025-10-11,0.0,55.0,0.0,2192.0,0.0,False,2247.0,0.0,0.0,0,0,2234.8571428571427,2216.714285714286,2178.9333333333334,0.2706695634123953,,2025,2025-10,2025-10-06/2025-10-12
2025-10-12,0.0,55.0,0.0,2192.0,0.0,False,2247.0,0.0,0.0,0,0,2240.4285714285716,2221.8571428571427,2184.3333333333335,0.12048503645050665,,2025,2025-10,2025-10-06/2025-10-12
2025-10-13,8.0,24.0,7.0,2223.0,6.0,True,2247.0,1.0,0.0,1,1,2244.285714285714,2226.4285714285716,2189.733333333333,0.5230825729319435,0.8571428571428571,2025,2025-10,2025-10-13/2025-10-19
2025-10-14,7.0,30.0,16.0,2235.0,8.0,True,2265.0,8.0,0.8010680907877266,1,2,2248.714285714286,2231.714285714286,2194.5,0.5300263430283797,0.5,2025,2025-10,2025-10-13/2025-10-19
2025-10-15,8.0,29.0,10.0,2225.0,15.0,True,2254.0,-5.0,-0.4856512141280356,0,0,2250.5714285714284,2235.8571428571427,2198.5333333333333,0.6010231477701902,1.5,2025,2025-10,2025-10-13/2025-10-19
2025-10-16,9.0,33.0,15.0,2233.0,9.0,True,2266.0,6.0,0.5323868677906018,1,1,2253.285714285714,2239.5,2203.3,0.5948961498900519,0.6,2025,2025-10,2025-10-13/2025-10-19
2025-10-17,0.0,33.0,0.0,2233.0,0.0,False,2266.0,0.0,0.0,0,0,2256.0,2243.1428571428573,2207.7,0.5948961498900519,,2025,2025-10,2025-10-13/2025-10-19
2025-10-18,0.0,33.0,0.0,2233.0,0.0,False,2266.0,0.0,0.0,0,0,2258.714285714286,2246.785714285714,2211.633333333333,0.5948961498900519,,2025,2025-10,2025-10-13/2025-10-19
2025-10-19,9.0,34.0,17.0,2237.0,7.0,True,2271.0,10.0,0.22065313327448433,1,1,2262.1428571428573,2251.285714285714,2215.733333333333,0.5852921559647746,0.4117647058823529,2025,2025-10,2025-10-13/2025-10-19
2025-10-20,10.0,39.0,6.0,2243.0,7.0,True,2282.0,-1.0,0.484368119771017,0,0,2267.1428571428573,2255.714285714286,2220.2,0.3186853402930473,1.1666666666666667,2025,2025-10,2025-10-20/2025-10-26
2025-10-21,13.0,39.0,17.0,2251.0,9.0,True,2290.0,8.0,0.35056967572304476,1,1,2270.714285714286,2259.714285714286,2224.233333333333,0.2850267377753347,0.5294117647058824,2025,2025-10,2025-10-20/2025-10-26
2025-10-22,12.0,42.0,13.0,2261.0,12.0,True,2303.0,1.0,0.5676855895196509,1,2,2277.714285714286,2264.1428571428573,2228.3,0.17728349817108568,0.9230769230769231,2025,2025-10,2025-10-20/2025-10-26
2025-10-23,4.0,27.0,26.0,2266.0,18.0,True,2293.0,8.0,-0.43421623968736833,1,3,2281.5714285714284,2267.4285714285716,2232.0333333333333,0.16785332489257307,0.6923076923076923,2025,2025-10,2025-10-20/2025-10-26
2025-10-24,0.0,27.0,0.0,2266.0,0.0,False,2293.0,0.0,0.0,0,0,2285.4285714285716,2270.714285714286,2235.9333333333334,0.16785332489257307,,2025,2025-10,2025-10-20/2025-10-26
2025-10-25,0.0,27.0,0.0,2266.0,0.0,False,2293.0,0.0,0.0,0,0,2289.285714285714,2274.0,2240.133333333333,0.16785332489257307,,2025,2025-10,2025-10-20/2025-10-26
2025-10-26,4.0,35.0,12.0,2276.0,10.0,True,2311.0,2.0,0.7849978194504947,1,1,2295.0,2278.5714285714284,2244.9333333333334,0.18789342103149276,0.8333333333333334,2025,2025-10,2025-10-20/2025-10-26
2025-10-27,2.0,31.0,8.0,2282.0,11.0,True,2313.0,-3.0,0.08654262224145892,0,0,2299.4285714285716,2283.285714285714,2249.8,0.1878164415083691,1.375,2025,2025-10,2025-10-27/2025-11-02
2025-10-28,6.0,22.0,11.0,2286.0,6.0,True,2308.0,5.0,-0.2161694768698652,1,1,2302.0,2286.3571428571427,2254.233333333333,0.18255692620373834,0.5454545454545454,2025,2025-10,2025-10-27/2025-11-02
2025-10-29,6.0,25.0,4.0,2280.0,17.0,True,2305.0,-13.0,-0.12998266897746857,0,0,2302.285714285714,2290.0,2258.3,0.22811964716506947,4.25,2025,2025-10,2025-10-27/2025-11-02
2025-10-30,3.0,17.0,14.0,2287.0,12.0,True,2304.0,2.0,-0.04338394793925726,1,1,2303.8571428571427,2292.714285714286,2262.0666666666666,0.23662603860963527,0.8571428571428571,2025,2025-10,2025-10-27/2025-11-02
2025-10-31,0.0,17.0,0.0,2287.0,0.0,False,2304.0,0.0,0.0,0,0,2305.4285714285716,2295.4285714285716,2265.6666666666665,0.23662603860963527,,2025,2025-10,2025-10-27/2025-11-02
2025-11-01,0.0,17.0,0.0,2287.0,0.0,False,2304.0,0.0,0.0,0,0,2307.0,2298.1428571428573,2268.633333333333,0.23662603860963527,,2025,2025-11,2025-10-27/2025-11-02
2025-11-02,5.0,21.0,10.0,2277.0,7.0,True,2298.0,3.0,-0.26041666666666297,1,1,2305.1428571428573,2300.0714285714284,2271.4,0.2751531212606003,0.7,2025,2025-11,2025-10-27/2025-11-02
2025-11-03,3.0,28.0,5.0,2269.0,12.0,True,2297.0,-7.0,-0.04351610095735259,0,0,2302.8571428571427,2301.1428571428573,2274.133333333333,0.2775763594970668,2.4,2025,2025-11,2025-11-03/2025-11-09
2025-11-04,6.0,33.0,6.0,2270.0,8.0,True,2303.0,-2.0,0.2612102742707956,0,0,2302.1428571428573,2302.0714285714284,2277.3,0.26131957331193645,1.3333333333333333,2025,2025-11,2025-11-03/2025-11-09
2025-11-05,8.0,41.0,8.0,2272.0,7.0,True,2313.0,1.0,0.43421623968735723,1,1,2303.285714285714,2302.785714285714,2280.4,0.2585715370281575,0.875,2025,2025-11,2025-11-03/2025-11-09
2025-11-06,6.0,33.0,9.0,2264.0,19.0,True,2297.0,-10.0,-0.6917423259835687,0,0,2302.285714285714,2303.0714285714284,2282.5,0.22472749863514807,2.111111111111111,2025,2025-11,2025-11-03/2025-11-09
2025-11-07,0.0,33.0,0.0,2264.0,0.0,False,2297.0,0.0,0.0,0,0,2301.285714285714,2303.3571428571427,2284.366666666667,0.22472749863514807,,2025,2025-11,2025-11-03/2025-11-09
2025-11-08,0.0,33.0,0.0,2264.0,0.0,False,2297.0,0.0,0.0,0,0,2300.285714285714,2303.6428571428573,2286.0333333333333,0.22472749863514807,,2025,2025-11,2025-11-03/2025-11-09
2025-11-09,11.0,33.0,5.0,2294.0,4.0,True,2327.0,1.0,1.3060513713539335,1,1,2304.4285714285716,2304.785714285714,2288.7,0.5674225810321185,0.8,2025,2025-11,2025-11-03/2025-11-09
2025-11-10,0.0,33.0,0.0,2294.0,0.0,False,2327.0,0.0,0.0,0,0,2308.714285714286,2305.785714285714,2291.366666666667,0.5346442378864915,,2025,2025-11,2025-11-10/2025-11-16
2025-11-11,11.0,39.0,12.0,2294.0,14.0,True,2333.0,-2.0,0.25784271594326835,0,0,2313.0,2307.5714285714284,2294.233333333333,0.5364642117640233,1.1666666666666667,2025,2025-11,2025-11-10/2025-11-16
2025-11-12,14.0,48.0,20.0,2302.0,7.0,True,2350.0,13.0,0.7286755250750065,1,1,2318.285714285714,2310.785714285714,2297.6666666666665,0.5403546584956133,0.35,2025,2025-11,2025-11-10/2025-11-16
2025-11-13,6.0,26.0,16.0,2317.0,5.0,True,2343.0,11.0,-0.29787234042553123,1,2,2324.8571428571427,2313.5714285714284,2300.266666666667,0.5049008268626539,0.3125,2025,2025-11,2025-11-10/2025-11-16
2025-11-14,0.0,26.0,0.0,2317.0,0.0,False,2343.0,0.0,0.0,0,0,2331.4285714285716,2316.3571428571427,2303.233333333333,0.5049008268626539,,2025,2025-11,2025-11-10/2025-11-16
2025-11-15,0.0,26.0,0.0,2317.0,0.0,False,2343.0,0.0,0.0,0,0,2338.0,2319.1428571428573,2305.8,0.5049008268626539,,2025,2025-11,2025-11-10/2025-11-16
2025-11-16,5.0,22.0,3.0,2340.0,5.0,True,2362.0,-2.0,0.8109261630388387,0,0,2343.0,2323.714285714286,2309.0,0.400863529655682,1.6666666666666667,2025,2025-11,2025-11-10/2025-11-16
2025-11-17,1.0,35.0,6.0,2343.0,8.0,True,2378.0,-2.0,0.6773920406435208,0,0,2350.285714285714,2329.5,2312.733333333333,0.38842288106527934,1.3333333333333333,2025,2025-11,2025-11-17/2025-11-23
2025-11-18,2.0,38.0,8.0,2345.0,12.0,True,2383.0,-4.0,0.2102607232968845,0,0,2357.4285714285716,2335.214285714286,2316.4666666666667,0.37853793817714043,1.5,2025,2025-11,2025-11-17/2025-11-23
2025-11-19,7.0,32.0,3.0,2340.0,10.0,True,2372.0,-7.0,-0.46160302140159093,0,0,2360.5714285714284,2339.4285714285716,2319.4666666666667,0.42676352427259195,3.3333333333333335,2025,2025-11,2025-11-17/2025-11-23
2025-11-20,18.0,57.0,8.0,2340.0,9.0,True,2397.0,-1.0,1.0539629005059004,0,0,2368.285714285714,2346.5714285714284,2323.0333333333333,0.3902346653126369,1.125,2025,2025-11,2025-11-17/2025-11-23
2025-11-21,0.0,57.0,0.0,2340.0,0.0,False,2397.0,0.0,0.0,0,0,2376.0,2353.714285714286,2326.1666666666665,0.3902346653126369,,2025,2025-11,2025-11-17/2025-11-23
2025-11-22,0.0,57.0,0.0,2340.0,0.0,False,2397.0,0.0,0.0,0,0,2383.714285714286,2360.8571428571427,2329.633333333333,0.3902346653126369,,2025,2025-11,2025-11-17/2025-11-23
2025-11-23,3.0,46.0,22.0,2375.0,1.0,True,2421.0,21.0,1.001251564455563,1,1,2392.1428571428573,2367.5714285714284,2333.9,0.5754180686497021,0.045454545454545456,2025,2025-11,2025-11-17/2025-11-23
2025-11-24,9.0,40.0,9.0,2371.0,13.0,True,2411.0,-4.0,-0.41305245766212195,0,0,2396.8571428571427,2373.5714285714284,2337.8333333333335,0.5934065352374599,1.4444444444444444,2025,2025-11,2025-11-24/2025-11-30
2025-11-25,6.0,47.0,14.0,2375.0,11.0,True,2422.0,3.0,0.45624222314393226,1,1,2402.4285714285716,2379.9285714285716,2341.5333333333333,0.5922286265303252,0.7857142857142857,2025,2025-11,2025-11-24/2025-11-30
2025-11-26,0.0,47.0,0.0,2375.0,0.0,False,2422.0,0.0,0.0,0,0,2409.5714285714284,2385.0714285714284,2345.1666666666665,0.5736293411248339,,2025,2025-11,2025-11-24/2025-11-30
2025-11-27,4.0,24.0,8.0,2389.0,7.0,True,2413.0,1.0,-0.37159372419488523,1,1,2411.8571428571427,2390.0714285714284,2348.6666666666665,0.5802561756086722,0.875,2025,2025-11,2025-11-24/2025-11-30
2025-11-28,0.0,24.0,0.0,2389.0,0.0,False,2413.0,0.0,0.0,0,0,2414.1428571428573,2395.0714285714284,2352.266666666667,0.5802561756086722,,2025,2025-11,2025-11-24/2025-11-30
2025-11-29,0.0,24.0,0.0,2389.0,0.0,False,2413.0,0.0,0.0,0,0,2416.4285714285716,2400.0714285714284,2355.9,0.5802561756086722,,2025,2025-11,2025-11-24/2025-11-30
2025-11-30,4.0,18.0,10.0,2415.0,0.0,True,2433.0,10.0,0.8288437629506928,1,1,2418.1428571428573,2405.1428571428573,2360.2,0.4446855363999773,0.0,2025,2025-11,2025-11-24/2025-11-30
2025-12-01,4.0,26.0,4.0,2410.0,9.0,True,2436.0,-5.0,0.12330456226881115,0,0,2421.714285714286,2409.285714285714,2364.6,0.45079069882679984,2.25,2025,2025-12,2025-12-01/2025-12-07
2025-12-02,7.0,34.0,6.0,2407.0,8.0,True,2441.0,-2.0,0.20525451559934016,0,0,2424.4285714285716,2413.4285714285716,2369.366666666667,0.47105583497902004,1.3333333333333333,2025,2025-12,2025-12-01/2025-12-07
2025-12-03,4.0,32.0,8.0,2419.0,7.0,True,2451.0,1.0,0.4096681687832948,1,1,2428.5714285714284,2419.0714285714284,2374.5,0.47480472279642094,0.875,2025,2025-12,2025-12-01/2025-12-07
2025-12-04,16.0,39.0,7.0,2418.0,13.0,True,2457.0,-6.0,0.244798041615657,0,0,2434.8571428571427,2423.3571428571427,2379.633333333333,0.46233405330256777,1.8571428571428572,2025,2025-12,2025-12-01/2025-12-07
2025-12-05,0.0,39.0,0.0,2418.0,0.0,False,2457.0,0.0,0.0,0,0,2441.1428571428573,2427.6428571428573,2384.4333333333334,0.46233405330256777,,2025,2025-12,2025-12-01/2025-12-07
2025-12-06,0.0,39.0,0.0,2418.0,0.0,False,2457.0,0.0,0.0,0,0,2447.4285714285716,2431.9285714285716,2389.766666666667,0.46233405330256777,,2025,2025-12,2025-12-01/2025-12-07
2025-12-07,4.0,24.0,13.0,2429.0,12.0,True,2453.0,1.0,-0.16280016280015852,1,1,2450.285714285714,2434.214285714286,2394.9666666666667,0.27910975387298165,0.9230769230769231,2025,2025-12,2025-12-01/2025-12-07
2025-12-08,9.0,27.0,9.0,2440.0,4.0,True,2467.0,5.0,0.570729718711771,1,2,2454.714285714286,2438.214285714286,2400.633333333333,0.2762704836653916,0.4444444444444444,2025,2025-12,2025-12-08/2025-12-14
2025-12-09,4.0,30.0,7.0,2443.0,8.0,True,2473.0,-1.0,0.2432103769760774,0,0,2459.285714285714,2441.8571428571427,2405.5,0.24533307629474957,1.1428571428571428,2025,2025-12,2025-12-08/2025-12-14
2025-12-10,10.0,54.0,5.0,2439.0,9.0,True,2493.0,-4.0,0.8087343307723316,0,0,2465.285714285714,2446.9285714285716,2411.0333333333333,0.24436420697609146,1.8,2025,2025-12,2025-12-08/2025-12-14
2025-12-11,7.0,47.0,9.0,2437.0,10.0,True,2484.0,-1.0,-0.3610108303249149,0,0,2469.1428571428573,2452.0,2416.0666666666666,0.24921688918844034,1.1111111111111112,2025,2025-12,2025-12-08/2025-12-14
2025-12-12,0.0,47.0,0.0,2437.0,0.0,False,2484.0,0.0,0.0,0,0,2473.0,2457.0714285714284,2420.5333333333333,0.24921688918844034,,2025,2025-12,2025-12-08/2025-12-14
2025-12-13,0.0,47.0,0.0,2437.0,0.0,False,2484.0,0.0,0.0,0,0,2476.8571428571427,2462.1428571428573,2425.233333333333,0.24921688918844034,,2025,2025-12,2025-12-08/2025-12-14
2025-12-14,8.0,35.0,4.0,2462.0,8.0,True,2497.0,-4.0,0.523349436392917,0,0,2483.1428571428573,2466.714285714286,2430.366666666667,0.41702414113420827,2.0,2025,2025-12,2025-12-08/2025-12-14
2025-12-15,11.0,42.0,9.0,2470.0,7.0,True,2512.0,2.0,0.6007208650380402,1,1,2489.5714285714284,2472.1428571428573,2436.0,0.4064433738881428,0.7777777777777778,2025,2025-12,2025-12-15/2025-12-21
2025-12-16,8.0,54.0,15.0,2468.0,9.0,True,2522.0,6.0,0.398089171974525,1,2,2496.5714285714284,2477.9285714285716,2441.3333333333335,0.41797612928815103,0.6,2025,2025-12,2025-12-15/2025-12-21
2025-12-17,7.0,31.0,11.0,2481.0,10.0,True,2512.0,1.0,-0.3965107057890549,1,3,2499.285714285714,2482.285714285714,2445.8,0.4140722580176803,0.9090909090909091,2025,2025-12,2025-12-15/2025-12-21
2025-12-18,11.0,50.0,6.0,2472.0,16.0,True,2522.0,-10.0,0.398089171974525,0,0,2504.714285714286,2486.9285714285716,2450.4333333333334,0.46185822995979525,2.6666666666666665,2025,2025-12,2025-12-15/2025-12-21
2025-12-19,0.0,50.0,0.0,2472.0,0.0,False,2522.0,0.0,0.0,0,0,2510.1428571428573,2491.5714285714284,2455.4333333333334,0.46185822995979525,,2025,2025-12,2025-12-15/2025-12-21
2025-12-20,0.0,50.0,0.0,2472.0,0.0,False,2522.0,0.0,0.0,0,0,2515.5714285714284,2496.214285714286,2459.6,0.46185822995979525,,2025,2025-12,2025-12-15/2025-12-21
2025-12-21,6.0,18.0,11.0,2484.0,14.0,True,2502.0,-3.0,-0.7930214115781098,0,0,2516.285714285714,2499.714285714286,2463.1,0.32731741027926653,1.2727272727272727,2025,2025-12,2025-12-15/2025-12-21
